-- MySQL dump 10.13  Distrib 8.0.28, for Win64 (x86_64)
--
-- Host: localhost    Database: topic
-- ------------------------------------------------------
-- Server version	8.0.28

/*!40101 SET @OLD_CHARACTER_SET_CLIENT=@@CHARACTER_SET_CLIENT */;
/*!40101 SET @OLD_CHARACTER_SET_RESULTS=@@CHARACTER_SET_RESULTS */;
/*!40101 SET @OLD_COLLATION_CONNECTION=@@COLLATION_CONNECTION */;
/*!50503 SET NAMES utf8mb4 */;
/*!40103 SET @OLD_TIME_ZONE=@@TIME_ZONE */;
/*!40103 SET TIME_ZONE='+00:00' */;
/*!40014 SET @OLD_UNIQUE_CHECKS=@@UNIQUE_CHECKS, UNIQUE_CHECKS=0 */;
/*!40014 SET @OLD_FOREIGN_KEY_CHECKS=@@FOREIGN_KEY_CHECKS, FOREIGN_KEY_CHECKS=0 */;
/*!40101 SET @OLD_SQL_MODE=@@SQL_MODE, SQL_MODE='NO_AUTO_VALUE_ON_ZERO' */;
/*!40111 SET @OLD_SQL_NOTES=@@SQL_NOTES, SQL_NOTES=0 */;

--
-- Table structure for table `advertise`
--

DROP TABLE IF EXISTS `advertise`;
/*!40101 SET @saved_cs_client     = @@character_set_client */;
/*!50503 SET character_set_client = utf8mb4 */;
CREATE TABLE `advertise` (
  `advertiseid` char(32) CHARACTER SET utf8 COLLATE utf8_bin NOT NULL,
  `location` char(1) CHARACTER SET utf8 COLLATE utf8_bin DEFAULT NULL,
  `createtime` char(10) CHARACTER SET utf8 COLLATE utf8_bin DEFAULT NULL,
  `name` varchar(1000) CHARACTER SET utf8 COLLATE utf8_bin DEFAULT NULL,
  `url` varchar(1000) CHARACTER SET utf8 COLLATE utf8_bin DEFAULT NULL,
  `img` varchar(100) CHARACTER SET utf8 COLLATE utf8_bin DEFAULT NULL,
  `create_time` datetime DEFAULT CURRENT_TIMESTAMP,
  PRIMARY KEY (`advertiseid`)
) ENGINE=InnoDB DEFAULT CHARSET=utf8mb3 COLLATE=utf8_bin COMMENT='廣告表';
/*!40101 SET character_set_client = @saved_cs_client */;

--
-- Dumping data for table `advertise`
--

LOCK TABLES `advertise` WRITE;
/*!40000 ALTER TABLE `advertise` DISABLE KEYS */;
INSERT INTO `advertise` VALUES ('0f8e03b729c44d219b13bdaea6e97e58','中','2022-06-28','Join System','https://www.jetec.com.tw/chinese/2020/11/product3-1_JoinSystem.html','be2cae4a915045f3b1c82de1aba94b2e.png','2022-06-28 17:11:11'),('120304ffafa2485594accd10341e39e2','中','2022-06-30','TTM-210','https://www.jetec.com.tw/chinese/product2-1_TTM210.html','52157992cf97483c9bc92c7c2177cb87.png','2022-06-30 10:35:16'),('53d779362eee4b018a2712767e161732','右','2022-06-28','bbb1','bbb1','4261dddadb6c40a3bac90013435bd31a.gif','2022-06-27 17:43:42'),('7df8d27862db4d27ab4da60e1d5401cc','右','2022-06-28','王小虎','https://www.jetec.com.tw/','638958e9bd3d4ca6b6a6ca0e4f18bf87.gif','2022-06-27 17:19:05'),('888cc1870a424ce6b40347504f0f86e9','中','2022-06-28','多功能大型顯示看板','https://www.jetec.com.tw/chinese/product1-1_JTCX40A.html','0a3b673fc4c94962a9c67c1253be718a.png','2022-06-28 17:16:22'),('90995082c066470a8f25b4101271702c','右','2022-06-28','aaa','https://www.jetec.com.tw/Project-touch','a9ce4c17bfcc4335ae7c2353c64d6fca.png','2022-06-27 17:19:15');
/*!40000 ALTER TABLE `advertise` ENABLE KEYS */;
UNLOCK TABLES;

--
-- Table structure for table `article`
--

DROP TABLE IF EXISTS `article`;
/*!40101 SET @saved_cs_client     = @@character_set_client */;
/*!50503 SET character_set_client = utf8mb4 */;
CREATE TABLE `article` (
  `articleid` char(32) CHARACTER SET utf8 COLLATE utf8_bin NOT NULL COMMENT 'id',
  `memberid` char(32) CHARACTER SET utf8 COLLATE utf8_bin NOT NULL COMMENT '發表人id',
  `state` char(3) CHARACTER SET utf8 COLLATE utf8_bin DEFAULT NULL COMMENT '狀態',
  `createtime` char(16) CHARACTER SET utf8 COLLATE utf8_bin NOT NULL COMMENT '創造時間',
  `name` varchar(200) CHARACTER SET utf8 COLLATE utf8_bin NOT NULL COMMENT '主題',
  `replytime` varchar(20) CHARACTER SET utf8 COLLATE utf8_bin DEFAULT NULL COMMENT '最後回覆時間',
  `articlegroup` varchar(100) CHARACTER SET utf8 COLLATE utf8_bin DEFAULT NULL COMMENT '文章群組',
  `membername` varchar(100) CHARACTER SET utf8 COLLATE utf8_bin NOT NULL COMMENT '發表人名稱',
  `update_time` datetime DEFAULT CURRENT_TIMESTAMP ON UPDATE CURRENT_TIMESTAMP,
  `create_time` datetime DEFAULT CURRENT_TIMESTAMP,
  PRIMARY KEY (`articleid`),
  KEY `article_articlegroup_state_createtime_IDX` (`articlegroup`,`state`,`createtime` DESC) USING BTREE,
  KEY `article_memberid_createtime_IDX` (`memberid`,`createtime` DESC) USING BTREE,
  KEY `article_memberid_state_IDX` (`memberid`,`state`) USING BTREE,
  KEY `article_state_createtime_IDX` (`state`,`createtime` DESC) USING BTREE
) ENGINE=InnoDB DEFAULT CHARSET=utf8mb3 COLLATE=utf8_bin COMMENT='文章';
/*!40101 SET character_set_client = @saved_cs_client */;

--
-- Dumping data for table `article`
--

LOCK TABLES `article` WRITE;
/*!40000 ALTER TABLE `article` DISABLE KEYS */;
INSERT INTO `article` VALUES ('2b53c32e89ce42a8897b336613c2323b','609eb996f31c4442b586a3c3430ba53f','允許','2022-07-14 16:17','起風了','2022-07-14 16:17','controlbox','AAA','2022-07-14 16:19:57','2022-07-14 16:17:19'),('357ac1b9c1c747139ee68fed3c267478','609eb996f31c4442b586a3c3430ba53f','允許','2022-07-14 16:12','儀器儀表','2022-07-14 16:12','apparatus','AAA','2022-07-14 16:12:46','2022-07-14 16:12:25'),('6de3361d1b794c7384cc25393598fbf5','609eb996f31c4442b586a3c3430ba53f','允許','2022-07-14 16:14','光伏監控系統，挑選合適的日照計，有效提升太陽能板的電效收益!','2022-07-14 16:14','Netcom','AAA','2022-07-14 16:19:48','2022-07-14 16:14:37'),('7b537195b5e84509a4d3a1c9b030d535','609eb996f31c4442b586a3c3430ba53f','允許','2022-07-14 13:11','TTT','2022-07-14 13:11','sensor','AAA','2022-07-14 13:46:36','2022-07-14 13:11:15'),('917901ef72434d18885c0f011c0e8a9f','609eb996f31c4442b586a3c3430ba53f','允許','2022-07-14 16:25','討論區規則','2022-07-14 16:25','sensor','AAA','2022-07-14 16:25:20','2022-07-14 16:25:13'),('e59d14d29e064708a76a2ef739d9e5cf','609eb996f31c4442b586a3c3430ba53f','允許','2022-07-14 16:19','服務條款','2022-07-14 16:19','sensor','AAA','2022-07-14 16:20:10','2022-07-14 16:19:19'),('f297d5871fbf4eb7bc423dd5b419047e','609eb996f31c4442b586a3c3430ba53f','允許','2022-07-14 16:15','Spring Jpa','2022-07-14 16:15','software','AAA','2022-07-14 16:19:53','2022-07-14 16:15:50');
/*!40000 ALTER TABLE `article` ENABLE KEYS */;
UNLOCK TABLES;

--
-- Table structure for table `article_content`
--

DROP TABLE IF EXISTS `article_content`;
/*!40101 SET @saved_cs_client     = @@character_set_client */;
/*!50503 SET character_set_client = utf8mb4 */;
CREATE TABLE `article_content` (
  `articleid` char(32) NOT NULL,
  `content` longtext NOT NULL,
  PRIMARY KEY (`articleid`)
) ENGINE=InnoDB DEFAULT CHARSET=utf8mb4 ;
/*!40101 SET character_set_client = @saved_cs_client */;

--
-- Dumping data for table `article_content`
--

LOCK TABLES `article_content` WRITE;
/*!40000 ALTER TABLE `article_content` DISABLE KEYS */;
/*!40000 ALTER TABLE `article_content` ENABLE KEYS */;
UNLOCK TABLES;

--
-- Table structure for table `article_reply`
--

DROP TABLE IF EXISTS `article_reply`;
/*!40101 SET @saved_cs_client     = @@character_set_client */;
/*!50503 SET character_set_client = utf8mb4 */;
CREATE TABLE `article_reply` (
  `replyid` char(32) NOT NULL COMMENT 'id',
  `articleid` char(32) NOT NULL COMMENT '文章id',
  `memberid` char(32) CHARACTER SET utf8mb4  DEFAULT NULL COMMENT '回復人id',
  `membername` varchar(100) DEFAULT NULL COMMENT '回復人名',
  `content` mediumtext NOT NULL COMMENT '內容',
  `createtime` varchar(20) DEFAULT NULL,
  `state` varchar(10) DEFAULT NULL,
  `floor` int unsigned DEFAULT NULL,
  `update_time` datetime DEFAULT CURRENT_TIMESTAMP ON UPDATE CURRENT_TIMESTAMP,
  `create_time` datetime DEFAULT CURRENT_TIMESTAMP,
  PRIMARY KEY (`replyid`),
  KEY `articleid_memberid_IDX` (`articleid`,`memberid`) USING BTREE,
  KEY `articleid_createtime_IDX` (`articleid`,`createtime`) USING BTREE,
  KEY `article_reply_memberid_IDX` (`memberid`) USING BTREE
) ENGINE=InnoDB DEFAULT CHARSET=utf8mb4  COMMENT='文章回復';
/*!40101 SET character_set_client = @saved_cs_client */;

--
-- Dumping data for table `article_reply`
--

LOCK TABLES `article_reply` WRITE;
/*!40000 ALTER TABLE `article_reply` DISABLE KEYS */;
INSERT INTO `article_reply` VALUES ('052df48816694a27821231e32ab6ab8c','917901ef72434d18885c0f011c0e8a9f','609eb996f31c4442b586a3c3430ba53f','AAA','<p><span style=\"color: #212529; font-family: system-ui, -apple-system, \'Segoe UI\', Roboto, \'Helvetica Neue\', Arial, \'Noto Sans\', \'Liberation Sans\', sans-serif, \'Apple Color Emoji\', \'Segoe UI Emoji\', \'Segoe UI Symbol\', \'Noto Color Emoji\'; font-size: 16px; background-color: #ffffff;\">久德電子討論區規則，並同時適用於會員名稱、會員個人頭像、會員個人簽名檔及私人訊息</span><br style=\"box-sizing: border-box; color: #212529; font-family: system-ui, -apple-system, \'Segoe UI\', Roboto, \'Helvetica Neue\', Arial, \'Noto Sans\', \'Liberation Sans\', sans-serif, \'Apple Color Emoji\', \'Segoe UI Emoji\', \'Segoe UI Symbol\', \'Noto Color Emoji\'; font-size: 16px; background-color: #ffffff;\" /><span style=\"color: #212529; font-family: system-ui, -apple-system, \'Segoe UI\', Roboto, \'Helvetica Neue\', Arial, \'Noto Sans\', \'Liberation Sans\', sans-serif, \'Apple Color Emoji\', \'Segoe UI Emoji\', \'Segoe UI Symbol\', \'Noto Color Emoji\'; font-size: 16px; background-color: #ffffff;\">本站對會員發布的文字、圖片或檔案保有片面修改或移除的權利。當會員使用本網站服務時，代表會員已經詳細閱讀並完全了解，並同意配合下述規定：</span><br style=\"box-sizing: border-box; color: #212529; font-family: system-ui, -apple-system, \'Segoe UI\', Roboto, \'Helvetica Neue\', Arial, \'Noto Sans\', \'Liberation Sans\', sans-serif, \'Apple Color Emoji\', \'Segoe UI Emoji\', \'Segoe UI Symbol\', \'Noto Color Emoji\'; font-size: 16px; background-color: #ffffff;\" /><span style=\"color: #212529; font-family: system-ui, -apple-system, \'Segoe UI\', Roboto, \'Helvetica Neue\', Arial, \'Noto Sans\', \'Liberation Sans\', sans-serif, \'Apple Color Emoji\', \'Segoe UI Emoji\', \'Segoe UI Symbol\', \'Noto Color Emoji\'; font-size: 16px; background-color: #ffffff;\">1. 請勿一文多貼或是大意內容相同/類似的文章重覆刊登。</span><br style=\"box-sizing: border-box; color: #212529; font-family: system-ui, -apple-system, \'Segoe UI\', Roboto, \'Helvetica Neue\', Arial, \'Noto Sans\', \'Liberation Sans\', sans-serif, \'Apple Color Emoji\', \'Segoe UI Emoji\', \'Segoe UI Symbol\', \'Noto Color Emoji\'; font-size: 16px; background-color: #ffffff;\" /><span style=\"color: #212529; font-family: system-ui, -apple-system, \'Segoe UI\', Roboto, \'Helvetica Neue\', Arial, \'Noto Sans\', \'Liberation Sans\', sans-serif, \'Apple Color Emoji\', \'Segoe UI Emoji\', \'Segoe UI Symbol\', \'Noto Color Emoji\'; font-size: 16px; background-color: #ffffff;\">2. 請勿在久德電子討論區公開 您的個人Line ID、電子信箱、聯絡電話...等任何可能被搜尋到的個人資訊。</span><br style=\"box-sizing: border-box; color: #212529; font-family: system-ui, -apple-system, \'Segoe UI\', Roboto, \'Helvetica Neue\', Arial, \'Noto Sans\', \'Liberation Sans\', sans-serif, \'Apple Color Emoji\', \'Segoe UI Emoji\', \'Segoe UI Symbol\', \'Noto Color Emoji\'; font-size: 16px; background-color: #ffffff;\" /><span style=\"color: #212529; font-family: system-ui, -apple-system, \'Segoe UI\', Roboto, \'Helvetica Neue\', Arial, \'Noto Sans\', \'Liberation Sans\', sans-serif, \'Apple Color Emoji\', \'Segoe UI Emoji\', \'Segoe UI Symbol\', \'Noto Color Emoji\'; font-size: 16px; background-color: #ffffff;\">3. 發表及回應文章，請不要文不對題，故意離題或語意不明，選字要正確。</span><br style=\"box-sizing: border-box; color: #212529; font-family: system-ui, -apple-system, \'Segoe UI\', Roboto, \'Helvetica Neue\', Arial, \'Noto Sans\', \'Liberation Sans\', sans-serif, \'Apple Color Emoji\', \'Segoe UI Emoji\', \'Segoe UI Symbol\', \'Noto Color Emoji\'; font-size: 16px; background-color: #ffffff;\" /><span style=\"color: #212529; font-family: system-ui, -apple-system, \'Segoe UI\', Roboto, \'Helvetica Neue\', Arial, \'Noto Sans\', \'Liberation Sans\', sans-serif, \'Apple Color Emoji\', \'Segoe UI Emoji\', \'Segoe UI Symbol\', \'Noto Color Emoji\'; font-size: 16px; background-color: #ffffff;\">4. 除久德電子外，任何人不得發起團購與問卷調查行為，包括公開發表文章與使用私人訊息。</span><br style=\"box-sizing: border-box; color: #212529; font-family: system-ui, -apple-system, \'Segoe UI\', Roboto, \'Helvetica Neue\', Arial, \'Noto Sans\', \'Liberation Sans\', sans-serif, \'Apple Color Emoji\', \'Segoe UI Emoji\', \'Segoe UI Symbol\', \'Noto Color Emoji\'; font-size: 16px; background-color: #ffffff;\" /><span style=\"color: #212529; font-family: system-ui, -apple-system, \'Segoe UI\', Roboto, \'Helvetica Neue\', Arial, \'Noto Sans\', \'Liberation Sans\', sans-serif, \'Apple Color Emoji\', \'Segoe UI Emoji\', \'Segoe UI Symbol\', \'Noto Color Emoji\'; font-size: 16px; background-color: #ffffff;\">5. 尊重智慧財產權，嚴禁發文要求提供或討論破解軟體、註冊碼、音樂、影片、軟體複製...等文章。</span><br style=\"box-sizing: border-box; color: #212529; font-family: system-ui, -apple-system, \'Segoe UI\', Roboto, \'Helvetica Neue\', Arial, \'Noto Sans\', \'Liberation Sans\', sans-serif, \'Apple Color Emoji\', \'Segoe UI Emoji\', \'Segoe UI Symbol\', \'Noto Color Emoji\'; font-size: 16px; background-color: #ffffff;\" /><span style=\"color: #212529; font-family: system-ui, -apple-system, \'Segoe UI\', Roboto, \'Helvetica Neue\', Arial, \'Noto Sans\', \'Liberation Sans\', sans-serif, \'Apple Color Emoji\', \'Segoe UI Emoji\', \'Segoe UI Symbol\', \'Noto Color Emoji\'; font-size: 16px; background-color: #ffffff;\">6. 發言涉及攻擊、侮辱、影射或其他有違社會善良風俗、社會正義、國家安全、政府法令之內容，文章會進行處理。</span><br style=\"box-sizing: border-box; color: #212529; font-family: system-ui, -apple-system, \'Segoe UI\', Roboto, \'Helvetica Neue\', Arial, \'Noto Sans\', \'Liberation Sans\', sans-serif, \'Apple Color Emoji\', \'Segoe UI Emoji\', \'Segoe UI Symbol\', \'Noto Color Emoji\'; font-size: 16px; background-color: #ffffff;\" /><span style=\"color: #212529; font-family: system-ui, -apple-system, \'Segoe UI\', Roboto, \'Helvetica Neue\', Arial, \'Noto Sans\', \'Liberation Sans\', sans-serif, \'Apple Color Emoji\', \'Segoe UI Emoji\', \'Segoe UI Symbol\', \'Noto Color Emoji\'; font-size: 16px; background-color: #ffffff;\">7. 請勿以發文、回文、私人訊息或簽名檔等方式，進行商業廣告、騷擾網友...等違反版規行為。</span><br style=\"box-sizing: border-box; color: #212529; font-family: system-ui, -apple-system, \'Segoe UI\', Roboto, \'Helvetica Neue\', Arial, \'Noto Sans\', \'Liberation Sans\', sans-serif, \'Apple Color Emoji\', \'Segoe UI Emoji\', \'Segoe UI Symbol\', \'Noto Color Emoji\'; font-size: 16px; background-color: #ffffff;\" /><span style=\"color: #212529; font-family: system-ui, -apple-system, \'Segoe UI\', Roboto, \'Helvetica Neue\', Arial, \'Noto Sans\', \'Liberation Sans\', sans-serif, \'Apple Color Emoji\', \'Segoe UI Emoji\', \'Segoe UI Symbol\', \'Noto Color Emoji\'; font-size: 16px; background-color: #ffffff;\">8. 除了久德電子或指定廣告版面外，請勿在討論區發表商業性質廣告或是為特定網站宣傳。</span><br style=\"box-sizing: border-box; color: #212529; font-family: system-ui, -apple-system, \'Segoe UI\', Roboto, \'Helvetica Neue\', Arial, \'Noto Sans\', \'Liberation Sans\', sans-serif, \'Apple Color Emoji\', \'Segoe UI Emoji\', \'Segoe UI Symbol\', \'Noto Color Emoji\'; font-size: 16px; background-color: #ffffff;\" /><span style=\"color: #212529; font-family: system-ui, -apple-system, \'Segoe UI\', Roboto, \'Helvetica Neue\', Arial, \'Noto Sans\', \'Liberation Sans\', sans-serif, \'Apple Color Emoji\', \'Segoe UI Emoji\', \'Segoe UI Symbol\', \'Noto Color Emoji\'; font-size: 16px; background-color: #ffffff;\">9. 發表抱怨文章或維修相關文章未附實體照片或維修單據，文章會進行處理。</span></p>','2022-07-14 16:25','未讀',1,'2022-07-14 16:25:13','2022-07-14 16:25:13'),('10e3a4b8aa6e40e39324d9950a5dc3fd','7b537195b5e84509a4d3a1c9b030d535','609eb996f31c4442b586a3c3430ba53f','AAA','<p>66666666</p>','2022-07-14 13:27','允許',7,'2022-07-14 13:46:49','2022-07-14 13:27:38'),('25912434689348f4bd420f528ee961eb','7b537195b5e84509a4d3a1c9b030d535','609eb996f31c4442b586a3c3430ba53f','AAA','<p>8888888888</p>','2022-07-14 13:28','允許',9,'2022-07-14 13:46:54','2022-07-14 13:28:00'),('3b045681e8244a8dadf08305bbc6f833','7b537195b5e84509a4d3a1c9b030d535','609eb996f31c4442b586a3c3430ba53f','AAA','<p>aaaaaaaaaaaa</p>','2022-07-14 13:28','允許',11,'2022-07-14 13:46:56','2022-07-14 13:28:26'),('3c1899f82c62474ca22e2c6b683cc30b','7b537195b5e84509a4d3a1c9b030d535','609eb996f31c4442b586a3c3430ba53f','AAA','<p>222222222</p>','2022-07-14 13:20','允許',3,'2022-07-14 13:46:43','2022-07-14 13:20:00'),('611f6aa5650b487db37dbcdecd12b493','733fa89a60884ab2853b87570d896f3e','609eb996f31c4442b586a3c3430ba53f','AAA','AAAA','2022-07-14 13:47',NULL,NULL,'2022-07-14 13:47:22','2022-07-14 13:47:22'),('733fa89a60884ab2853b87570d896f3e','7b537195b5e84509a4d3a1c9b030d535','609eb996f31c4442b586a3c3430ba53f','AAA','<p>1111111111</p>','2022-07-14 13:19','封鎖',2,'2022-07-14 13:56:15','2022-07-14 13:19:48'),('77ed4c04d5ab45078d7567a075f79783','7b537195b5e84509a4d3a1c9b030d535','609eb996f31c4442b586a3c3430ba53f','AAA','<p>4444444444</p>','2022-07-14 13:27','允許',5,'2022-07-14 13:46:46','2022-07-14 13:27:23'),('8ea3754c57f44ef8a19572ca261769a0','f4bd0a15b759429fa4e2b58f58d30bd7','609eb996f31c4442b586a3c3430ba53f','AAA','123','2022-07-14 13:19',NULL,NULL,'2022-07-14 13:19:15','2022-07-14 13:19:15'),('98d3216b25e74ff4bf45d477c358c855','7b537195b5e84509a4d3a1c9b030d535','609eb996f31c4442b586a3c3430ba53f','AAA','<p>777777777777777</p>','2022-07-14 13:27','允許',8,'2022-07-14 13:46:53','2022-07-14 13:27:48'),('9b07a743d32b48e69eb835dc299c9013','7b537195b5e84509a4d3a1c9b030d535','609eb996f31c4442b586a3c3430ba53f','AAA','<p>555555555</p>','2022-07-14 13:27','允許',6,'2022-07-14 13:46:48','2022-07-14 13:27:31'),('9f58d4d9daea4542a7c3b5dfba989da7','e59d14d29e064708a76a2ef739d9e5cf','609eb996f31c4442b586a3c3430ba53f','AAA','<ul class=\"c-panel\" style=\"box-sizing: border-box; padding-left: 2rem; margin-top: 0px; margin-bottom: 1rem; color: #212529; font-family: system-ui, -apple-system, \'Segoe UI\', Roboto, \'Helvetica Neue\', Arial, \'Noto Sans\', \'Liberation Sans\', sans-serif, \'Apple Color Emoji\', \'Segoe UI Emoji\', \'Segoe UI Symbol\', \'Noto Color Emoji\'; font-size: 16px; background-color: #ffffff;\">\r\n<ul class=\"c-panel\" style=\"box-sizing: border-box; padding-left: 2rem; margin-top: 0px; margin-bottom: 1rem; color: #212529; font-family: system-ui, -apple-system, \'Segoe UI\', Roboto, \'Helvetica Neue\', Arial, \'Noto Sans\', \'Liberation Sans\', sans-serif, \'Apple Color Emoji\', \'Segoe UI Emoji\', \'Segoe UI Symbol\', \'Noto Color Emoji\'; font-size: 16px; background-color: #ffffff;\">認知與接受條款</ul>\r\n</ul>\r\n<p>&nbsp;</p>\r\n<ul class=\"c-panel\" style=\"box-sizing: border-box; padding-left: 2rem; margin-top: 0px; margin-bottom: 1rem; color: #212529; font-family: system-ui, -apple-system, \'Segoe UI\', Roboto, \'Helvetica Neue\', Arial, \'Noto Sans\', \'Liberation Sans\', sans-serif, \'Apple Color Emoji\', \'Segoe UI Emoji\', \'Segoe UI Symbol\', \'Noto Color Emoji\'; font-size: 16px; background-color: #ffffff;\">\r\n<ul class=\"c-panel\" style=\"box-sizing: border-box; padding-left: 2rem; margin-top: 0px; margin-bottom: 1rem; color: #212529; font-family: system-ui, -apple-system, \'Segoe UI\', Roboto, \'Helvetica Neue\', Arial, \'Noto Sans\', \'Liberation Sans\', sans-serif, \'Apple Color Emoji\', \'Segoe UI Emoji\', \'Segoe UI Symbol\', \'Noto Color Emoji\'; font-size: 16px; background-color: #ffffff;\">「久德電子有限公司」係依據本服務條款提供「久德討論版」服務。當您使用「久德討論版」時，即表示您已閱讀、瞭解並同意接受本約定書之所有內容。「久德電子有限公司」有權於任何時間修改或變更本約定書之內容，建議您隨時注意該等修改或變更。您於任何修改或變更後繼續使用「久德討論版」，視為您已閱讀、瞭解並同意接受該等修改或變更。</ul>\r\n</ul>\r\n<p><br style=\"box-sizing: border-box;\" /><br style=\"box-sizing: border-box;\" /></p>\r\n<ul class=\"c-panel\" style=\"box-sizing: border-box; padding-left: 2rem; margin-top: 0px; margin-bottom: 1rem; color: #212529; font-family: system-ui, -apple-system, \'Segoe UI\', Roboto, \'Helvetica Neue\', Arial, \'Noto Sans\', \'Liberation Sans\', sans-serif, \'Apple Color Emoji\', \'Segoe UI Emoji\', \'Segoe UI Symbol\', \'Noto Color Emoji\'; font-size: 16px; background-color: #ffffff;\">\r\n<ul class=\"c-panel\" style=\"box-sizing: border-box; padding-left: 2rem; margin-top: 0px; margin-bottom: 1rem; color: #212529; font-family: system-ui, -apple-system, \'Segoe UI\', Roboto, \'Helvetica Neue\', Arial, \'Noto Sans\', \'Liberation Sans\', sans-serif, \'Apple Color Emoji\', \'Segoe UI Emoji\', \'Segoe UI Symbol\', \'Noto Color Emoji\'; font-size: 16px; background-color: #ffffff;\">若您為未滿十八歲，除應符合上述規定外，並應於您的家長（或監護人）閱讀、瞭解並同意本約定書之所有內容及其後修改變更後，方得使用或繼續使用「久德討論版」。當您使用或繼續使用「久德討論版」時，即表示您的家長（或監護人）已閱讀、瞭解並同意接受本約定書之所有內容及其後修改變更。</ul>\r\n</ul>\r\n<p>&nbsp;</p>\r\n<ul class=\"c-panel\" style=\"box-sizing: border-box; padding-left: 2rem; margin-top: 0px; margin-bottom: 1rem; color: #212529; font-family: system-ui, -apple-system, \'Segoe UI\', Roboto, \'Helvetica Neue\', Arial, \'Noto Sans\', \'Liberation Sans\', sans-serif, \'Apple Color Emoji\', \'Segoe UI Emoji\', \'Segoe UI Symbol\', \'Noto Color Emoji\'; font-size: 16px; background-color: #ffffff;\">\r\n<ul class=\"c-panel\" style=\"box-sizing: border-box; padding-left: 2rem; margin-top: 0px; margin-bottom: 1rem; color: #212529; font-family: system-ui, -apple-system, \'Segoe UI\', Roboto, \'Helvetica Neue\', Arial, \'Noto Sans\', \'Liberation Sans\', sans-serif, \'Apple Color Emoji\', \'Segoe UI Emoji\', \'Segoe UI Symbol\', \'Noto Color Emoji\'; font-size: 16px; background-color: #ffffff;\">您的註冊義務</ul>\r\n</ul>\r\n<p>&nbsp;</p>\r\n<ul class=\"c-panel\" style=\"box-sizing: border-box; padding-left: 2rem; margin-top: 0px; margin-bottom: 1rem; color: #212529; font-family: system-ui, -apple-system, \'Segoe UI\', Roboto, \'Helvetica Neue\', Arial, \'Noto Sans\', \'Liberation Sans\', sans-serif, \'Apple Color Emoji\', \'Segoe UI Emoji\', \'Segoe UI Symbol\', \'Noto Color Emoji\'; font-size: 16px; background-color: #ffffff;\">\r\n<ul class=\"c-panel\" style=\"box-sizing: border-box; padding-left: 2rem; margin-top: 0px; margin-bottom: 1rem; color: #212529; font-family: system-ui, -apple-system, \'Segoe UI\', Roboto, \'Helvetica Neue\', Arial, \'Noto Sans\', \'Liberation Sans\', sans-serif, \'Apple Color Emoji\', \'Segoe UI Emoji\', \'Segoe UI Symbol\', \'Noto Color Emoji\'; font-size: 16px; background-color: #ffffff;\">為了能使用本服務，您同意以下事項：</ul>\r\n</ul>\r\n<p>&nbsp;</p>\r\n<ul class=\"c-panel\" style=\"box-sizing: border-box; padding-left: 2rem; margin-top: 0px; margin-bottom: 1rem; color: #212529; font-family: system-ui, -apple-system, \'Segoe UI\', Roboto, \'Helvetica Neue\', Arial, \'Noto Sans\', \'Liberation Sans\', sans-serif, \'Apple Color Emoji\', \'Segoe UI Emoji\', \'Segoe UI Symbol\', \'Noto Color Emoji\'; font-size: 16px; background-color: #ffffff;\">\r\n<ul class=\"c-panel\" style=\"box-sizing: border-box; padding-left: 2rem; margin-top: 0px; margin-bottom: 1rem; color: #212529; font-family: system-ui, -apple-system, \'Segoe UI\', Roboto, \'Helvetica Neue\', Arial, \'Noto Sans\', \'Liberation Sans\', sans-serif, \'Apple Color Emoji\', \'Segoe UI Emoji\', \'Segoe UI Symbol\', \'Noto Color Emoji\'; font-size: 16px; background-color: #ffffff;\">依本服務註冊表之提示提供您本人正確、最新及完整的資料。</ul>\r\n</ul>\r\n<p>&nbsp;</p>\r\n<ul class=\"c-panel\" style=\"box-sizing: border-box; padding-left: 2rem; margin-top: 0px; margin-bottom: 1rem; color: #212529; font-family: system-ui, -apple-system, \'Segoe UI\', Roboto, \'Helvetica Neue\', Arial, \'Noto Sans\', \'Liberation Sans\', sans-serif, \'Apple Color Emoji\', \'Segoe UI Emoji\', \'Segoe UI Symbol\', \'Noto Color Emoji\'; font-size: 16px; background-color: #ffffff;\">\r\n<ul class=\"c-panel\" style=\"box-sizing: border-box; padding-left: 2rem; margin-top: 0px; margin-bottom: 1rem; color: #212529; font-family: system-ui, -apple-system, \'Segoe UI\', Roboto, \'Helvetica Neue\', Arial, \'Noto Sans\', \'Liberation Sans\', sans-serif, \'Apple Color Emoji\', \'Segoe UI Emoji\', \'Segoe UI Symbol\', \'Noto Color Emoji\'; font-size: 16px; background-color: #ffffff;\">維持並更新您個人資料，確保其為正確、最新及完整。若您提供任何錯誤或不實的資料，「久德電子有限公司」有權暫停或終止您的帳號，並拒絕您使用本服務之全部或一部。</ul>\r\n</ul>\r\n<p>&nbsp;</p>\r\n<ul class=\"c-panel\" style=\"box-sizing: border-box; padding-left: 2rem; margin-top: 0px; margin-bottom: 1rem; color: #212529; font-family: system-ui, -apple-system, \'Segoe UI\', Roboto, \'Helvetica Neue\', Arial, \'Noto Sans\', \'Liberation Sans\', sans-serif, \'Apple Color Emoji\', \'Segoe UI Emoji\', \'Segoe UI Symbol\', \'Noto Color Emoji\'; font-size: 16px; background-color: #ffffff;\">\r\n<ul class=\"c-panel\" style=\"box-sizing: border-box; padding-left: 2rem; margin-top: 0px; margin-bottom: 1rem; color: #212529; font-family: system-ui, -apple-system, \'Segoe UI\', Roboto, \'Helvetica Neue\', Arial, \'Noto Sans\', \'Liberation Sans\', sans-serif, \'Apple Color Emoji\', \'Segoe UI Emoji\', \'Segoe UI Symbol\', \'Noto Color Emoji\'; font-size: 16px; background-color: #ffffff;\">會員帳號、密碼及安全</ul>\r\n</ul>\r\n<p>&nbsp;</p>\r\n<ul class=\"c-panel\" style=\"box-sizing: border-box; padding-left: 2rem; margin-top: 0px; margin-bottom: 1rem; color: #212529; font-family: system-ui, -apple-system, \'Segoe UI\', Roboto, \'Helvetica Neue\', Arial, \'Noto Sans\', \'Liberation Sans\', sans-serif, \'Apple Color Emoji\', \'Segoe UI Emoji\', \'Segoe UI Symbol\', \'Noto Color Emoji\'; font-size: 16px; background-color: #ffffff;\">\r\n<ul class=\"c-panel\" style=\"box-sizing: border-box; padding-left: 2rem; margin-top: 0px; margin-bottom: 1rem; color: #212529; font-family: system-ui, -apple-system, \'Segoe UI\', Roboto, \'Helvetica Neue\', Arial, \'Noto Sans\', \'Liberation Sans\', sans-serif, \'Apple Color Emoji\', \'Segoe UI Emoji\', \'Segoe UI Symbol\', \'Noto Color Emoji\'; font-size: 16px; background-color: #ffffff;\">完成本服務的登記程序之後，您將收到一個密碼及帳號。維持密碼及帳號及身份的機密安全，是您的責任。</ul>\r\n</ul>\r\n<p>&nbsp;</p>\r\n<ul class=\"c-panel\" style=\"box-sizing: border-box; padding-left: 2rem; margin-top: 0px; margin-bottom: 1rem; color: #212529; font-family: system-ui, -apple-system, \'Segoe UI\', Roboto, \'Helvetica Neue\', Arial, \'Noto Sans\', \'Liberation Sans\', sans-serif, \'Apple Color Emoji\', \'Segoe UI Emoji\', \'Segoe UI Symbol\', \'Noto Color Emoji\'; font-size: 16px; background-color: #ffffff;\">\r\n<ul class=\"c-panel\" style=\"box-sizing: border-box; padding-left: 2rem; margin-top: 0px; margin-bottom: 1rem; color: #212529; font-family: system-ui, -apple-system, \'Segoe UI\', Roboto, \'Helvetica Neue\', Arial, \'Noto Sans\', \'Liberation Sans\', sans-serif, \'Apple Color Emoji\', \'Segoe UI Emoji\', \'Segoe UI Symbol\', \'Noto Color Emoji\'; font-size: 16px; background-color: #ffffff;\">利用該密碼及帳號及身份所進行的一切行動，您將負完全的責任。您並同意以下事項：</ul>\r\n</ul>\r\n<p>&nbsp;</p>\r\n<ul class=\"c-panel\" style=\"box-sizing: border-box; padding-left: 2rem; margin-top: 0px; margin-bottom: 1rem; color: #212529; font-family: system-ui, -apple-system, \'Segoe UI\', Roboto, \'Helvetica Neue\', Arial, \'Noto Sans\', \'Liberation Sans\', sans-serif, \'Apple Color Emoji\', \'Segoe UI Emoji\', \'Segoe UI Symbol\', \'Noto Color Emoji\'; font-size: 16px; background-color: #ffffff;\">\r\n<ul class=\"c-panel\" style=\"box-sizing: border-box; padding-left: 2rem; margin-top: 0px; margin-bottom: 1rem; color: #212529; font-family: system-ui, -apple-system, \'Segoe UI\', Roboto, \'Helvetica Neue\', Arial, \'Noto Sans\', \'Liberation Sans\', sans-serif, \'Apple Color Emoji\', \'Segoe UI Emoji\', \'Segoe UI Symbol\', \'Noto Color Emoji\'; font-size: 16px; background-color: #ffffff;\">您的密碼或帳號遭到盜用或有其他任何安全問題發生時，您將立即通知「久德電子有限公司」。</ul>\r\n</ul>\r\n<p>&nbsp;</p>\r\n<ul class=\"c-panel\" style=\"box-sizing: border-box; padding-left: 2rem; margin-top: 0px; margin-bottom: 1rem; color: #212529; font-family: system-ui, -apple-system, \'Segoe UI\', Roboto, \'Helvetica Neue\', Arial, \'Noto Sans\', \'Liberation Sans\', sans-serif, \'Apple Color Emoji\', \'Segoe UI Emoji\', \'Segoe UI Symbol\', \'Noto Color Emoji\'; font-size: 16px; background-color: #ffffff;\">\r\n<ul class=\"c-panel\" style=\"box-sizing: border-box; padding-left: 2rem; margin-top: 0px; margin-bottom: 1rem; color: #212529; font-family: system-ui, -apple-system, \'Segoe UI\', Roboto, \'Helvetica Neue\', Arial, \'Noto Sans\', \'Liberation Sans\', sans-serif, \'Apple Color Emoji\', \'Segoe UI Emoji\', \'Segoe UI Symbol\', \'Noto Color Emoji\'; font-size: 16px; background-color: #ffffff;\">每次連線完畢，均結束您的帳號使用。</ul>\r\n</ul>\r\n<p>&nbsp;</p>\r\n<ul class=\"c-panel\" style=\"box-sizing: border-box; padding-left: 2rem; margin-top: 0px; margin-bottom: 1rem; color: #212529; font-family: system-ui, -apple-system, \'Segoe UI\', Roboto, \'Helvetica Neue\', Arial, \'Noto Sans\', \'Liberation Sans\', sans-serif, \'Apple Color Emoji\', \'Segoe UI Emoji\', \'Segoe UI Symbol\', \'Noto Color Emoji\'; font-size: 16px; background-color: #ffffff;\">\r\n<ul class=\"c-panel\" style=\"box-sizing: border-box; padding-left: 2rem; margin-top: 0px; margin-bottom: 1rem; color: #212529; font-family: system-ui, -apple-system, \'Segoe UI\', Roboto, \'Helvetica Neue\', Arial, \'Noto Sans\', \'Liberation Sans\', sans-serif, \'Apple Color Emoji\', \'Segoe UI Emoji\', \'Segoe UI Symbol\', \'Noto Color Emoji\'; font-size: 16px; background-color: #ffffff;\">您承諾絕不為任何非法目的或以任何非法方式使用此「久德討論版」，並承諾遵守中華民國相關法規及一切使用網際網路之國際慣例。</ul>\r\n</ul>\r\n<p>&nbsp;</p>\r\n<ul class=\"c-panel\" style=\"box-sizing: border-box; padding-left: 2rem; margin-top: 0px; margin-bottom: 1rem; color: #212529; font-family: system-ui, -apple-system, \'Segoe UI\', Roboto, \'Helvetica Neue\', Arial, \'Noto Sans\', \'Liberation Sans\', sans-serif, \'Apple Color Emoji\', \'Segoe UI Emoji\', \'Segoe UI Symbol\', \'Noto Color Emoji\'; font-size: 16px; background-color: #ffffff;\">\r\n<ul class=\"c-panel\" style=\"box-sizing: border-box; padding-left: 2rem; margin-top: 0px; margin-bottom: 1rem; color: #212529; font-family: system-ui, -apple-system, \'Segoe UI\', Roboto, \'Helvetica Neue\', Arial, \'Noto Sans\', \'Liberation Sans\', sans-serif, \'Apple Color Emoji\', \'Segoe UI Emoji\', \'Segoe UI Symbol\', \'Noto Color Emoji\'; font-size: 16px; background-color: #ffffff;\">您若係中華民國以外之使用者，並同意遵守所屬國家或地域之法令。您同意並保證不得利用本服務從事侵害他人權益或違法之行為，包括但不限於：</ul>\r\n</ul>\r\n<p>&nbsp;</p>\r\n<ul class=\"c-panel\" style=\"box-sizing: border-box; padding-left: 2rem; margin-top: 0px; margin-bottom: 1rem; color: #212529; font-family: system-ui, -apple-system, \'Segoe UI\', Roboto, \'Helvetica Neue\', Arial, \'Noto Sans\', \'Liberation Sans\', sans-serif, \'Apple Color Emoji\', \'Segoe UI Emoji\', \'Segoe UI Symbol\', \'Noto Color Emoji\'; font-size: 16px; background-color: #ffffff;\">\r\n<ul class=\"c-panel\" style=\"box-sizing: border-box; padding-left: 2rem; margin-top: 0px; margin-bottom: 1rem; color: #212529; font-family: system-ui, -apple-system, \'Segoe UI\', Roboto, \'Helvetica Neue\', Arial, \'Noto Sans\', \'Liberation Sans\', sans-serif, \'Apple Color Emoji\', \'Segoe UI Emoji\', \'Segoe UI Symbol\', \'Noto Color Emoji\'; font-size: 16px; background-color: #ffffff;\">公布或傳送任何誹謗、侮辱、具威脅性、攻擊性、不雅、猥褻、不實、違反公共秩序或善良風俗或其他不法之文字、圖片或任何形式的檔案</ul>\r\n</ul>\r\n<p>&nbsp;</p>\r\n<ul class=\"c-panel\" style=\"box-sizing: border-box; padding-left: 2rem; margin-top: 0px; margin-bottom: 1rem; color: #212529; font-family: system-ui, -apple-system, \'Segoe UI\', Roboto, \'Helvetica Neue\', Arial, \'Noto Sans\', \'Liberation Sans\', sans-serif, \'Apple Color Emoji\', \'Segoe UI Emoji\', \'Segoe UI Symbol\', \'Noto Color Emoji\'; font-size: 16px; background-color: #ffffff;\">\r\n<ul class=\"c-panel\" style=\"box-sizing: border-box; padding-left: 2rem; margin-top: 0px; margin-bottom: 1rem; color: #212529; font-family: system-ui, -apple-system, \'Segoe UI\', Roboto, \'Helvetica Neue\', Arial, \'Noto Sans\', \'Liberation Sans\', sans-serif, \'Apple Color Emoji\', \'Segoe UI Emoji\', \'Segoe UI Symbol\', \'Noto Color Emoji\'; font-size: 16px; background-color: #ffffff;\">侵害他人名譽、隱私權、營業秘密、商標權、著作權、專利權、其他智慧財產權及其他權利</ul>\r\n</ul>\r\n<p>&nbsp;</p>\r\n<ul class=\"c-panel\" style=\"box-sizing: border-box; padding-left: 2rem; margin-top: 0px; margin-bottom: 1rem; color: #212529; font-family: system-ui, -apple-system, \'Segoe UI\', Roboto, \'Helvetica Neue\', Arial, \'Noto Sans\', \'Liberation Sans\', sans-serif, \'Apple Color Emoji\', \'Segoe UI Emoji\', \'Segoe UI Symbol\', \'Noto Color Emoji\'; font-size: 16px; background-color: #ffffff;\">\r\n<ul class=\"c-panel\" style=\"box-sizing: border-box; padding-left: 2rem; margin-top: 0px; margin-bottom: 1rem; color: #212529; font-family: system-ui, -apple-system, \'Segoe UI\', Roboto, \'Helvetica Neue\', Arial, \'Noto Sans\', \'Liberation Sans\', sans-serif, \'Apple Color Emoji\', \'Segoe UI Emoji\', \'Segoe UI Symbol\', \'Noto Color Emoji\'; font-size: 16px; background-color: #ffffff;\">違反依法律或契約所應負之保密義務</ul>\r\n</ul>\r\n<p>&nbsp;</p>\r\n<ul class=\"c-panel\" style=\"box-sizing: border-box; padding-left: 2rem; margin-top: 0px; margin-bottom: 1rem; color: #212529; font-family: system-ui, -apple-system, \'Segoe UI\', Roboto, \'Helvetica Neue\', Arial, \'Noto Sans\', \'Liberation Sans\', sans-serif, \'Apple Color Emoji\', \'Segoe UI Emoji\', \'Segoe UI Symbol\', \'Noto Color Emoji\'; font-size: 16px; background-color: #ffffff;\">\r\n<ul class=\"c-panel\" style=\"box-sizing: border-box; padding-left: 2rem; margin-top: 0px; margin-bottom: 1rem; color: #212529; font-family: system-ui, -apple-system, \'Segoe UI\', Roboto, \'Helvetica Neue\', Arial, \'Noto Sans\', \'Liberation Sans\', sans-serif, \'Apple Color Emoji\', \'Segoe UI Emoji\', \'Segoe UI Symbol\', \'Noto Color Emoji\'; font-size: 16px; background-color: #ffffff;\">冒用他人名義使用本服務</ul>\r\n</ul>\r\n<p>&nbsp;</p>\r\n<ul class=\"c-panel\" style=\"box-sizing: border-box; padding-left: 2rem; margin-top: 0px; margin-bottom: 1rem; color: #212529; font-family: system-ui, -apple-system, \'Segoe UI\', Roboto, \'Helvetica Neue\', Arial, \'Noto Sans\', \'Liberation Sans\', sans-serif, \'Apple Color Emoji\', \'Segoe UI Emoji\', \'Segoe UI Symbol\', \'Noto Color Emoji\'; font-size: 16px; background-color: #ffffff;\">\r\n<ul class=\"c-panel\" style=\"box-sizing: border-box; padding-left: 2rem; margin-top: 0px; margin-bottom: 1rem; color: #212529; font-family: system-ui, -apple-system, \'Segoe UI\', Roboto, \'Helvetica Neue\', Arial, \'Noto Sans\', \'Liberation Sans\', sans-serif, \'Apple Color Emoji\', \'Segoe UI Emoji\', \'Segoe UI Symbol\', \'Noto Color Emoji\'; font-size: 16px; background-color: #ffffff;\">傳輸或散佈電腦病毒</ul>\r\n</ul>\r\n<p>&nbsp;</p>\r\n<ul class=\"c-panel\" style=\"box-sizing: border-box; padding-left: 2rem; margin-top: 0px; margin-bottom: 1rem; color: #212529; font-family: system-ui, -apple-system, \'Segoe UI\', Roboto, \'Helvetica Neue\', Arial, \'Noto Sans\', \'Liberation Sans\', sans-serif, \'Apple Color Emoji\', \'Segoe UI Emoji\', \'Segoe UI Symbol\', \'Noto Color Emoji\'; font-size: 16px; background-color: #ffffff;\">\r\n<ul class=\"c-panel\" style=\"box-sizing: border-box; padding-left: 2rem; margin-top: 0px; margin-bottom: 1rem; color: #212529; font-family: system-ui, -apple-system, \'Segoe UI\', Roboto, \'Helvetica Neue\', Arial, \'Noto Sans\', \'Liberation Sans\', sans-serif, \'Apple Color Emoji\', \'Segoe UI Emoji\', \'Segoe UI Symbol\', \'Noto Color Emoji\'; font-size: 16px; background-color: #ffffff;\">濫發廣告郵件</ul>\r\n</ul>\r\n<p>&nbsp;</p>\r\n<ul class=\"c-panel\" style=\"box-sizing: border-box; padding-left: 2rem; margin-top: 0px; margin-bottom: 1rem; color: #212529; font-family: system-ui, -apple-system, \'Segoe UI\', Roboto, \'Helvetica Neue\', Arial, \'Noto Sans\', \'Liberation Sans\', sans-serif, \'Apple Color Emoji\', \'Segoe UI Emoji\', \'Segoe UI Symbol\', \'Noto Color Emoji\'; font-size: 16px; background-color: #ffffff;\">\r\n<ul class=\"c-panel\" style=\"box-sizing: border-box; padding-left: 2rem; margin-top: 0px; margin-bottom: 1rem; color: #212529; font-family: system-ui, -apple-system, \'Segoe UI\', Roboto, \'Helvetica Neue\', Arial, \'Noto Sans\', \'Liberation Sans\', sans-serif, \'Apple Color Emoji\', \'Segoe UI Emoji\', \'Segoe UI Symbol\', \'Noto Color Emoji\'; font-size: 16px; background-color: #ffffff;\">其他「久德電子有限公司」有正當理由認為不適當之行為得依實際執行情形，增加、修改或終止相關活動，並選擇最適方式告知會員。</ul>\r\n</ul>\r\n<p>&nbsp;</p>\r\n<ul class=\"c-panel\" style=\"box-sizing: border-box; padding-left: 2rem; margin-top: 0px; margin-bottom: 1rem; color: #212529; font-family: system-ui, -apple-system, \'Segoe UI\', Roboto, \'Helvetica Neue\', Arial, \'Noto Sans\', \'Liberation Sans\', sans-serif, \'Apple Color Emoji\', \'Segoe UI Emoji\', \'Segoe UI Symbol\', \'Noto Color Emoji\'; font-size: 16px; background-color: #ffffff;\">\r\n<ul class=\"c-panel\" style=\"box-sizing: border-box; padding-left: 2rem; margin-top: 0px; margin-bottom: 1rem; color: #212529; font-family: system-ui, -apple-system, \'Segoe UI\', Roboto, \'Helvetica Neue\', Arial, \'Noto Sans\', \'Liberation Sans\', sans-serif, \'Apple Color Emoji\', \'Segoe UI Emoji\', \'Segoe UI Symbol\', \'Noto Color Emoji\'; font-size: 16px; background-color: #ffffff;\">發生下列情形之一時，「久德電子有限公司」有權可以停止、中斷提供服務</ul>\r\n</ul>\r\n<p>&nbsp;</p>\r\n<ul class=\"c-panel\" style=\"box-sizing: border-box; padding-left: 2rem; margin-top: 0px; margin-bottom: 1rem; color: #212529; font-family: system-ui, -apple-system, \'Segoe UI\', Roboto, \'Helvetica Neue\', Arial, \'Noto Sans\', \'Liberation Sans\', sans-serif, \'Apple Color Emoji\', \'Segoe UI Emoji\', \'Segoe UI Symbol\', \'Noto Color Emoji\'; font-size: 16px; background-color: #ffffff;\">\r\n<ul class=\"c-panel\" style=\"box-sizing: border-box; padding-left: 2rem; margin-top: 0px; margin-bottom: 1rem; color: #212529; font-family: system-ui, -apple-system, \'Segoe UI\', Roboto, \'Helvetica Neue\', Arial, \'Noto Sans\', \'Liberation Sans\', sans-serif, \'Apple Color Emoji\', \'Segoe UI Emoji\', \'Segoe UI Symbol\', \'Noto Color Emoji\'; font-size: 16px; background-color: #ffffff;\">「久德電子有限公司」網站電子通信設備進行必要之保養及施工時發生突發性之電子通信設備故障時</ul>\r\n</ul>\r\n<p>&nbsp;</p>\r\n<ul class=\"c-panel\" style=\"box-sizing: border-box; padding-left: 2rem; margin-top: 0px; margin-bottom: 1rem; color: #212529; font-family: system-ui, -apple-system, \'Segoe UI\', Roboto, \'Helvetica Neue\', Arial, \'Noto Sans\', \'Liberation Sans\', sans-serif, \'Apple Color Emoji\', \'Segoe UI Emoji\', \'Segoe UI Symbol\', \'Noto Color Emoji\'; font-size: 16px; background-color: #ffffff;\">\r\n<ul class=\"c-panel\" style=\"box-sizing: border-box; padding-left: 2rem; margin-top: 0px; margin-bottom: 1rem; color: #212529; font-family: system-ui, -apple-system, \'Segoe UI\', Roboto, \'Helvetica Neue\', Arial, \'Noto Sans\', \'Liberation Sans\', sans-serif, \'Apple Color Emoji\', \'Segoe UI Emoji\', \'Segoe UI Symbol\', \'Noto Color Emoji\'; font-size: 16px; background-color: #ffffff;\">「久德電子有限公司」網站申請之電子通信服務被停止，無法提供服務時</ul>\r\n</ul>\r\n<p>&nbsp;</p>\r\n<ul class=\"c-panel\" style=\"box-sizing: border-box; padding-left: 2rem; margin-top: 0px; margin-bottom: 1rem; color: #212529; font-family: system-ui, -apple-system, \'Segoe UI\', Roboto, \'Helvetica Neue\', Arial, \'Noto Sans\', \'Liberation Sans\', sans-serif, \'Apple Color Emoji\', \'Segoe UI Emoji\', \'Segoe UI Symbol\', \'Noto Color Emoji\'; font-size: 16px; background-color: #ffffff;\">\r\n<ul class=\"c-panel\" style=\"box-sizing: border-box; padding-left: 2rem; margin-top: 0px; margin-bottom: 1rem; color: #212529; font-family: system-ui, -apple-system, \'Segoe UI\', Roboto, \'Helvetica Neue\', Arial, \'Noto Sans\', \'Liberation Sans\', sans-serif, \'Apple Color Emoji\', \'Segoe UI Emoji\', \'Segoe UI Symbol\', \'Noto Color Emoji\'; font-size: 16px; background-color: #ffffff;\">由於天災等不可抗力之因素致使「久德電子有限公司」網站無法提供服務時</ul>\r\n</ul>\r\n<p>&nbsp;</p>\r\n<ul class=\"c-panel\" style=\"box-sizing: border-box; padding-left: 2rem; margin-top: 0px; margin-bottom: 1rem; color: #212529; font-family: system-ui, -apple-system, \'Segoe UI\', Roboto, \'Helvetica Neue\', Arial, \'Noto Sans\', \'Liberation Sans\', sans-serif, \'Apple Color Emoji\', \'Segoe UI Emoji\', \'Segoe UI Symbol\', \'Noto Color Emoji\'; font-size: 16px; background-color: #ffffff;\">\r\n<ul class=\"c-panel\" style=\"box-sizing: border-box; padding-left: 2rem; margin-top: 0px; margin-bottom: 1rem; color: #212529; font-family: system-ui, -apple-system, \'Segoe UI\', Roboto, \'Helvetica Neue\', Arial, \'Noto Sans\', \'Liberation Sans\', sans-serif, \'Apple Color Emoji\', \'Segoe UI Emoji\', \'Segoe UI Symbol\', \'Noto Color Emoji\'; font-size: 16px; background-color: #ffffff;\">廣告</ul>\r\n</ul>\r\n<p>&nbsp;</p>\r\n<ul class=\"c-panel\" style=\"box-sizing: border-box; padding-left: 2rem; margin-top: 0px; margin-bottom: 1rem; color: #212529; font-family: system-ui, -apple-system, \'Segoe UI\', Roboto, \'Helvetica Neue\', Arial, \'Noto Sans\', \'Liberation Sans\', sans-serif, \'Apple Color Emoji\', \'Segoe UI Emoji\', \'Segoe UI Symbol\', \'Noto Color Emoji\'; font-size: 16px; background-color: #ffffff;\">\r\n<ul class=\"c-panel\" style=\"box-sizing: border-box; padding-left: 2rem; margin-top: 0px; margin-bottom: 1rem; color: #212529; font-family: system-ui, -apple-system, \'Segoe UI\', Roboto, \'Helvetica Neue\', Arial, \'Noto Sans\', \'Liberation Sans\', sans-serif, \'Apple Color Emoji\', \'Segoe UI Emoji\', \'Segoe UI Symbol\', \'Noto Color Emoji\'; font-size: 16px; background-color: #ffffff;\">您在「久德討論版」上瀏覽到的所有廣告內容、文字與圖片之說明、展示樣品或其他銷售資訊，均由各該廣告商、產品與服務的供應商所設計與提出。您對於廣告之正確性與可信度應自行斟酌與判斷。「久德電子有限公司」僅接受委託予以刊登，不對前述廣告負擔保責任。</ul>\r\n</ul>\r\n<p>&nbsp;</p>\r\n<ul class=\"c-panel\" style=\"box-sizing: border-box; padding-left: 2rem; margin-top: 0px; margin-bottom: 1rem; color: #212529; font-family: system-ui, -apple-system, \'Segoe UI\', Roboto, \'Helvetica Neue\', Arial, \'Noto Sans\', \'Liberation Sans\', sans-serif, \'Apple Color Emoji\', \'Segoe UI Emoji\', \'Segoe UI Symbol\', \'Noto Color Emoji\'; font-size: 16px; background-color: #ffffff;\">\r\n<ul class=\"c-panel\" style=\"box-sizing: border-box; padding-left: 2rem; margin-top: 0px; margin-bottom: 1rem; color: #212529; font-family: system-ui, -apple-system, \'Segoe UI\', Roboto, \'Helvetica Neue\', Arial, \'Noto Sans\', \'Liberation Sans\', sans-serif, \'Apple Color Emoji\', \'Segoe UI Emoji\', \'Segoe UI Symbol\', \'Noto Color Emoji\'; font-size: 16px; background-color: #ffffff;\">智慧財產權的保護</ul>\r\n</ul>\r\n<p>&nbsp;</p>\r\n<ul class=\"c-panel\" style=\"box-sizing: border-box; padding-left: 2rem; margin-top: 0px; margin-bottom: 1rem; color: #212529; font-family: system-ui, -apple-system, \'Segoe UI\', Roboto, \'Helvetica Neue\', Arial, \'Noto Sans\', \'Liberation Sans\', sans-serif, \'Apple Color Emoji\', \'Segoe UI Emoji\', \'Segoe UI Symbol\', \'Noto Color Emoji\'; font-size: 16px; background-color: #ffffff;\">\r\n<ul class=\"c-panel\" style=\"box-sizing: border-box; padding-left: 2rem; margin-top: 0px; margin-bottom: 1rem; color: #212529; font-family: system-ui, -apple-system, \'Segoe UI\', Roboto, \'Helvetica Neue\', Arial, \'Noto Sans\', \'Liberation Sans\', sans-serif, \'Apple Color Emoji\', \'Segoe UI Emoji\', \'Segoe UI Symbol\', \'Noto Color Emoji\'; font-size: 16px; background-color: #ffffff;\">「久德討論版」所使用之軟體或程式、網站上所有內容，包括但不限於著作、圖片、檔案、資訊、資料、網站架構、網站畫面的安排、網頁設計，</ul>\r\n</ul>\r\n<p>&nbsp;</p>\r\n<ul class=\"c-panel\" style=\"box-sizing: border-box; padding-left: 2rem; margin-top: 0px; margin-bottom: 1rem; color: #212529; font-family: system-ui, -apple-system, \'Segoe UI\', Roboto, \'Helvetica Neue\', Arial, \'Noto Sans\', \'Liberation Sans\', sans-serif, \'Apple Color Emoji\', \'Segoe UI Emoji\', \'Segoe UI Symbol\', \'Noto Color Emoji\'; font-size: 16px; background-color: #ffffff;\">\r\n<ul class=\"c-panel\" style=\"box-sizing: border-box; padding-left: 2rem; margin-top: 0px; margin-bottom: 1rem; color: #212529; font-family: system-ui, -apple-system, \'Segoe UI\', Roboto, \'Helvetica Neue\', Arial, \'Noto Sans\', \'Liberation Sans\', sans-serif, \'Apple Color Emoji\', \'Segoe UI Emoji\', \'Segoe UI Symbol\', \'Noto Color Emoji\'; font-size: 16px; background-color: #ffffff;\">均由「久德電子有限公司」或其他權利人依法擁有其智慧財產權，包括但不限於商標權、專利權、著作權、營業秘密與專有技術等。任何人不得逕自使用、</ul>\r\n</ul>\r\n<p>&nbsp;</p>\r\n<ul class=\"c-panel\" style=\"box-sizing: border-box; padding-left: 2rem; margin-top: 0px; margin-bottom: 1rem; color: #212529; font-family: system-ui, -apple-system, \'Segoe UI\', Roboto, \'Helvetica Neue\', Arial, \'Noto Sans\', \'Liberation Sans\', sans-serif, \'Apple Color Emoji\', \'Segoe UI Emoji\', \'Segoe UI Symbol\', \'Noto Color Emoji\'; font-size: 16px; background-color: #ffffff;\">\r\n<ul class=\"c-panel\" style=\"box-sizing: border-box; padding-left: 2rem; margin-top: 0px; margin-bottom: 1rem; color: #212529; font-family: system-ui, -apple-system, \'Segoe UI\', Roboto, \'Helvetica Neue\', Arial, \'Noto Sans\', \'Liberation Sans\', sans-serif, \'Apple Color Emoji\', \'Segoe UI Emoji\', \'Segoe UI Symbol\', \'Noto Color Emoji\'; font-size: 16px; background-color: #ffffff;\">修改、重製、公開播送、改作、散布、發行、公開發表、進行還原工程、解編或反向組譯。若您欲引用或轉載前述軟體、程式或網站內容，</ul>\r\n</ul>\r\n<p>&nbsp;</p>\r\n<ul class=\"c-panel\" style=\"box-sizing: border-box; padding-left: 2rem; margin-top: 0px; margin-bottom: 1rem; color: #212529; font-family: system-ui, -apple-system, \'Segoe UI\', Roboto, \'Helvetica Neue\', Arial, \'Noto Sans\', \'Liberation Sans\', sans-serif, \'Apple Color Emoji\', \'Segoe UI Emoji\', \'Segoe UI Symbol\', \'Noto Color Emoji\'; font-size: 16px; background-color: #ffffff;\">\r\n<ul class=\"c-panel\" style=\"box-sizing: border-box; padding-left: 2rem; margin-top: 0px; margin-bottom: 1rem; color: #212529; font-family: system-ui, -apple-system, \'Segoe UI\', Roboto, \'Helvetica Neue\', Arial, \'Noto Sans\', \'Liberation Sans\', sans-serif, \'Apple Color Emoji\', \'Segoe UI Emoji\', \'Segoe UI Symbol\', \'Noto Color Emoji\'; font-size: 16px; background-color: #ffffff;\">必須依法取得「久德電子有限公司」或其他權利人的事前書面同意。尊重智慧財產權是您應盡的義務，如有違反，您應對「久德電子有限公司」負損害賠償責任</ul>\r\n</ul>\r\n<p>&nbsp;</p>\r\n<ul class=\"c-panel\" style=\"box-sizing: border-box; padding-left: 2rem; margin-top: 0px; margin-bottom: 1rem; color: #212529; font-family: system-ui, -apple-system, \'Segoe UI\', Roboto, \'Helvetica Neue\', Arial, \'Noto Sans\', \'Liberation Sans\', sans-serif, \'Apple Color Emoji\', \'Segoe UI Emoji\', \'Segoe UI Symbol\', \'Noto Color Emoji\'; font-size: 16px; background-color: #ffffff;\">\r\n<ul class=\"c-panel\" style=\"box-sizing: border-box; padding-left: 2rem; margin-top: 0px; margin-bottom: 1rem; color: #212529; font-family: system-ui, -apple-system, \'Segoe UI\', Roboto, \'Helvetica Neue\', Arial, \'Noto Sans\', \'Liberation Sans\', sans-serif, \'Apple Color Emoji\', \'Segoe UI Emoji\', \'Segoe UI Symbol\', \'Noto Color Emoji\'; font-size: 16px; background-color: #ffffff;\">（包括但不限於訴訟費用及律師費用等）。</ul>\r\n</ul>\r\n<p>&nbsp;</p>\r\n<ul class=\"c-panel\" style=\"box-sizing: border-box; padding-left: 2rem; margin-top: 0px; margin-bottom: 1rem; color: #212529; font-family: system-ui, -apple-system, \'Segoe UI\', Roboto, \'Helvetica Neue\', Arial, \'Noto Sans\', \'Liberation Sans\', sans-serif, \'Apple Color Emoji\', \'Segoe UI Emoji\', \'Segoe UI Symbol\', \'Noto Color Emoji\'; font-size: 16px; background-color: #ffffff;\">\r\n<ul class=\"c-panel\" style=\"box-sizing: border-box; padding-left: 2rem; margin-top: 0px; margin-bottom: 1rem; color: #212529; font-family: system-ui, -apple-system, \'Segoe UI\', Roboto, \'Helvetica Neue\', Arial, \'Noto Sans\', \'Liberation Sans\', sans-serif, \'Apple Color Emoji\', \'Segoe UI Emoji\', \'Segoe UI Symbol\', \'Noto Color Emoji\'; font-size: 16px; background-color: #ffffff;\">您對「久德電子有限公司」之授權</ul>\r\n</ul>\r\n<p>&nbsp;</p>\r\n<ul class=\"c-panel\" style=\"box-sizing: border-box; padding-left: 2rem; margin-top: 0px; margin-bottom: 1rem; color: #212529; font-family: system-ui, -apple-system, \'Segoe UI\', Roboto, \'Helvetica Neue\', Arial, \'Noto Sans\', \'Liberation Sans\', sans-serif, \'Apple Color Emoji\', \'Segoe UI Emoji\', \'Segoe UI Symbol\', \'Noto Color Emoji\'; font-size: 16px; background-color: #ffffff;\">\r\n<ul class=\"c-panel\" style=\"box-sizing: border-box; padding-left: 2rem; margin-top: 0px; margin-bottom: 1rem; color: #212529; font-family: system-ui, -apple-system, \'Segoe UI\', Roboto, \'Helvetica Neue\', Arial, \'Noto Sans\', \'Liberation Sans\', sans-serif, \'Apple Color Emoji\', \'Segoe UI Emoji\', \'Segoe UI Symbol\', \'Noto Color Emoji\'; font-size: 16px; background-color: #ffffff;\">會員同意授權「久德電子有限公司」，得為提供服務及贈獎之目的，提供必需之會員資料給合作夥伴(第三者)做約定範圍內之妥善使用，倘若會員不同意將其資料列於合作夥伴(第三者)產品或服務名單內，可以通知「久德電子有限公司」，於名單中刪除其資料，同時放棄其「久德討論版」中的優惠或獲獎權利。</ul>\r\n</ul>\r\n<p><br style=\"box-sizing: border-box;\" /><br style=\"box-sizing: border-box;\" /></p>\r\n<ul class=\"c-panel\" style=\"box-sizing: border-box; padding-left: 2rem; margin-top: 0px; margin-bottom: 1rem; color: #212529; font-family: system-ui, -apple-system, \'Segoe UI\', Roboto, \'Helvetica Neue\', Arial, \'Noto Sans\', \'Liberation Sans\', sans-serif, \'Apple Color Emoji\', \'Segoe UI Emoji\', \'Segoe UI Symbol\', \'Noto Color Emoji\'; font-size: 16px; background-color: #ffffff;\">\r\n<ul class=\"c-panel\" style=\"box-sizing: border-box; padding-left: 2rem; margin-top: 0px; margin-bottom: 1rem; color: #212529; font-family: system-ui, -apple-system, \'Segoe UI\', Roboto, \'Helvetica Neue\', Arial, \'Noto Sans\', \'Liberation Sans\', sans-serif, \'Apple Color Emoji\', \'Segoe UI Emoji\', \'Segoe UI Symbol\', \'Noto Color Emoji\'; font-size: 16px; background-color: #ffffff;\">對於會員所登錄或留存之個人資料，會員同意「久德討論版」網站得於合理之範圍內蒐集、處理、保存、傳遞及使用該等資料，以提供使用者其他資訊或服務、或作成會員統計資料、或進行關於網路行為之調查或研究，或為任何之合法使用。</ul>\r\n</ul>\r\n<p><br style=\"box-sizing: border-box;\" /><br style=\"box-sizing: border-box;\" /></p>\r\n<ul class=\"c-panel\" style=\"box-sizing: border-box; padding-left: 2rem; margin-top: 0px; margin-bottom: 1rem; color: #212529; font-family: system-ui, -apple-system, \'Segoe UI\', Roboto, \'Helvetica Neue\', Arial, \'Noto Sans\', \'Liberation Sans\', sans-serif, \'Apple Color Emoji\', \'Segoe UI Emoji\', \'Segoe UI Symbol\', \'Noto Color Emoji\'; font-size: 16px; background-color: #ffffff;\">\r\n<ul class=\"c-panel\" style=\"box-sizing: border-box; padding-left: 2rem; margin-top: 0px; margin-bottom: 1rem; color: #212529; font-family: system-ui, -apple-system, \'Segoe UI\', Roboto, \'Helvetica Neue\', Arial, \'Noto Sans\', \'Liberation Sans\', sans-serif, \'Apple Color Emoji\', \'Segoe UI Emoji\', \'Segoe UI Symbol\', \'Noto Color Emoji\'; font-size: 16px; background-color: #ffffff;\">若您無合法權利得授權他人使用、修改、重製、公開播送、改作、散布、發行、公開發表某資料，並將前述權利轉授權第三人，請勿擅自將該資料上載、傳送、輸入或提供至「久德討論版」。任何資料一經您上載、傳送、輸入或提供至「久德討論版」時，視為您已允許「久德討論版」無條件使用、修改、重製、公開播送、改作、散布、發行、公開發表該等資料，並得將前述權利轉授權他人，您對此絕無異議。您並應保證「久德討論版」使用、修改、重製、公開播送、改作、散布、發行、公開發表、轉授權該等資料，不致侵害任何第三人之智慧財產權，否則應對「久德電子有限公司」負損害賠償責任（包括但不限於訴訟費用及律師費用等）。</ul>\r\n</ul>\r\n<p>&nbsp;</p>\r\n<ul class=\"c-panel\" style=\"box-sizing: border-box; padding-left: 2rem; margin-top: 0px; margin-bottom: 1rem; color: #212529; font-family: system-ui, -apple-system, \'Segoe UI\', Roboto, \'Helvetica Neue\', Arial, \'Noto Sans\', \'Liberation Sans\', sans-serif, \'Apple Color Emoji\', \'Segoe UI Emoji\', \'Segoe UI Symbol\', \'Noto Color Emoji\'; font-size: 16px; background-color: #ffffff;\">\r\n<ul class=\"c-panel\" style=\"box-sizing: border-box; padding-left: 2rem; margin-top: 0px; margin-bottom: 1rem; color: #212529; font-family: system-ui, -apple-system, \'Segoe UI\', Roboto, \'Helvetica Neue\', Arial, \'Noto Sans\', \'Liberation Sans\', sans-serif, \'Apple Color Emoji\', \'Segoe UI Emoji\', \'Segoe UI Symbol\', \'Noto Color Emoji\'; font-size: 16px; background-color: #ffffff;\">拒絕或終止您的使用</ul>\r\n</ul>\r\n<p>&nbsp;</p>\r\n<ul class=\"c-panel\" style=\"box-sizing: border-box; padding-left: 2rem; margin-top: 0px; margin-bottom: 1rem; color: #212529; font-family: system-ui, -apple-system, \'Segoe UI\', Roboto, \'Helvetica Neue\', Arial, \'Noto Sans\', \'Liberation Sans\', sans-serif, \'Apple Color Emoji\', \'Segoe UI Emoji\', \'Segoe UI Symbol\', \'Noto Color Emoji\'; font-size: 16px; background-color: #ffffff;\">\r\n<ul class=\"c-panel\" style=\"box-sizing: border-box; padding-left: 2rem; margin-top: 0px; margin-bottom: 1rem; color: #212529; font-family: system-ui, -apple-system, \'Segoe UI\', Roboto, \'Helvetica Neue\', Arial, \'Noto Sans\', \'Liberation Sans\', sans-serif, \'Apple Color Emoji\', \'Segoe UI Emoji\', \'Segoe UI Symbol\', \'Noto Color Emoji\'; font-size: 16px; background-color: #ffffff;\">您同意「久德電子有限公司」得基於維護交易安全之考量，因任何理由，包含但不限於缺乏使用，或違反本服務條款的明文規定及精神，終止您的密碼、帳號（或其任何部分）或本服務之使用，並將本服務內任何「會員內容」加以移除並刪除，亦得已通知之情形下，隨時終止本服務或任何部分。此外，您同意若本服務之使用被終止，「久德電子有限公司」對您或任何第三人均不承擔責任。</ul>\r\n</ul>\r\n<p>&nbsp;</p>\r\n<ul class=\"c-panel\" style=\"box-sizing: border-box; padding-left: 2rem; margin-top: 0px; margin-bottom: 1rem; color: #212529; font-family: system-ui, -apple-system, \'Segoe UI\', Roboto, \'Helvetica Neue\', Arial, \'Noto Sans\', \'Liberation Sans\', sans-serif, \'Apple Color Emoji\', \'Segoe UI Emoji\', \'Segoe UI Symbol\', \'Noto Color Emoji\'; font-size: 16px; background-color: #ffffff;\">\r\n<ul class=\"c-panel\" style=\"box-sizing: border-box; padding-left: 2rem; margin-top: 0px; margin-bottom: 1rem; color: #212529; font-family: system-ui, -apple-system, \'Segoe UI\', Roboto, \'Helvetica Neue\', Arial, \'Noto Sans\', \'Liberation Sans\', sans-serif, \'Apple Color Emoji\', \'Segoe UI Emoji\', \'Segoe UI Symbol\', \'Noto Color Emoji\'; font-size: 16px; background-color: #ffffff;\">準據法與管轄法院</ul>\r\n</ul>\r\n<p>&nbsp;</p>\r\n<ul class=\"c-panel\" style=\"box-sizing: border-box; padding-left: 2rem; margin-top: 0px; margin-bottom: 1rem; color: #212529; font-family: system-ui, -apple-system, \'Segoe UI\', Roboto, \'Helvetica Neue\', Arial, \'Noto Sans\', \'Liberation Sans\', sans-serif, \'Apple Color Emoji\', \'Segoe UI Emoji\', \'Segoe UI Symbol\', \'Noto Color Emoji\'; font-size: 16px; background-color: #ffffff;\">本約定書之解釋與適用，以及與本約定書有關的爭議，均應依照中華民國法律予以處理。</ul>','2022-07-14 16:19','未讀',1,'2022-07-14 16:19:19','2022-07-14 16:19:19'),('a6648ad9536941c8956592166d2945aa','2b53c32e89ce42a8897b336613c2323b','609eb996f31c4442b586a3c3430ba53f','AAA','<p><span style=\"font-family: \'Times New Roman\'; font-size: 18px;\">晚風吹起你鬢間的白髮</span><br style=\"font-family: \'Times New Roman\'; font-size: 18px;\" /><span style=\"font-family: \'Times New Roman\'; font-size: 18px;\">撫平回憶留下的疤</span><br style=\"font-family: \'Times New Roman\'; font-size: 18px;\" /><span style=\"font-family: \'Times New Roman\'; font-size: 18px;\">你的眼中 明暗交雜 一笑生花</span><br style=\"font-family: \'Times New Roman\'; font-size: 18px;\" /><br style=\"font-family: \'Times New Roman\'; font-size: 18px;\" /><span style=\"font-family: \'Times New Roman\'; font-size: 18px;\">我仍感嘆於世界之大</span><br style=\"font-family: \'Times New Roman\'; font-size: 18px;\" /><span style=\"font-family: \'Times New Roman\'; font-size: 18px;\">也沉醉於兒時情話</span><br style=\"font-family: \'Times New Roman\'; font-size: 18px;\" /><span style=\"font-family: \'Times New Roman\'; font-size: 18px;\">不剩真假 不做掙扎 無謂笑話</span><br style=\"font-family: \'Times New Roman\'; font-size: 18px;\" /><br style=\"font-family: \'Times New Roman\'; font-size: 18px;\" /><span style=\"font-family: \'Times New Roman\'; font-size: 18px;\">我終將青春還給了她</span><br style=\"font-family: \'Times New Roman\'; font-size: 18px;\" /><span style=\"font-family: \'Times New Roman\'; font-size: 18px;\">連同指尖彈出的盛夏</span><br style=\"font-family: \'Times New Roman\'; font-size: 18px;\" /><span style=\"font-family: \'Times New Roman\'; font-size: 18px;\">心之所動 就隨風去啦</span><br style=\"font-family: \'Times New Roman\'; font-size: 18px;\" /><br style=\"font-family: \'Times New Roman\'; font-size: 18px;\" /><span style=\"font-family: \'Times New Roman\'; font-size: 18px;\">以愛之名 你還願意嗎</span></p>','2022-07-14 16:17','允許',1,'2022-07-14 16:19:38','2022-07-14 16:17:19'),('acd96dd124864d2fb21673a4cabbfbbc','7b537195b5e84509a4d3a1c9b030d535','609eb996f31c4442b586a3c3430ba53f','AAA','<p>bbbbbbbbbbb</p>','2022-07-14 13:28','允許',12,'2022-07-14 13:46:58','2022-07-14 13:28:42'),('be4ff429ea304d06b5bf6d3f199b0429','6de3361d1b794c7384cc25393598fbf5','609eb996f31c4442b586a3c3430ba53f','AAA','<p style=\"box-sizing: border-box; margin: 0px; color: #404d60; font-family: Montserrat, sans-serif; font-size: 14px; background-color: #ffffff;\"><img style=\"box-sizing: border-box; max-width: 100%; display: inline-block; vertical-align: middle;\" src=\"https://www.jetec.com.tw/sites/default/files/2022-07/pyrheliometer-02.svg\" alt=\"日輻射強度計透過類比或通訊輸出將偵測數值導入光伏監控系統進行後端控制應用，使在監控中能立即監看偵測數值、控制參數與輸出報表，在遠地也能連線監控。並提供警報上/下限設置及警報寄送訊息通知，快速了解現場狀況。\" /></p>\r\n<div class=\"row\" style=\"box-sizing: border-box; display: flex; flex-wrap: wrap; margin-right: -15px; margin-left: -15px; margin-top: 30px; color: #404d60; font-family: Montserrat, sans-serif; font-size: 14px; background-color: #ffffff;\">\r\n<div class=\"col-lg-4\" style=\"box-sizing: border-box; position: relative; width: 246.656px; min-height: 1px; padding: 3px 3px 10px; flex: 0 0 33.3333%; max-width: 33.3333%;\">\r\n<p style=\"box-sizing: border-box; margin: 0px;\"><a style=\"box-sizing: border-box; -webkit-tap-highlight-color: transparent; color: #404d60;\" href=\"https://www.jetec.com.tw/product/SP-522-SS\" target=\"_blank\" rel=\"noopener\"><img style=\"box-sizing: border-box; max-width: 100%; display: inline-block; vertical-align: middle;\" src=\"https://www.jetec.com.tw/sites/default/files/2022-07/pyrheliometer-03.svg\" alt=\"\" /></a></p>\r\n</div>\r\n<div class=\"col-lg-4\" style=\"box-sizing: border-box; position: relative; width: 246.656px; min-height: 1px; padding: 3px 3px 10px; flex: 0 0 33.3333%; max-width: 33.3333%;\">\r\n<p style=\"box-sizing: border-box; margin: 0px;\"><a style=\"box-sizing: border-box; -webkit-tap-highlight-color: transparent; color: #404d60;\" href=\"https://www.jetec.com.tw/chinese/product6-1_JSP-510_610.html\" target=\"_blank\" rel=\"noopener\"><img style=\"box-sizing: border-box; max-width: 100%; display: inline-block; vertical-align: middle;\" src=\"https://www.jetec.com.tw/sites/default/files/2022-07/pyrheliometer-04.svg\" alt=\"\" /></a></p>\r\n</div>\r\n</div>\r\n<div class=\"row\" style=\"box-sizing: border-box; display: flex; flex-wrap: wrap; margin-right: -15px; margin-left: -15px; color: #404d60; font-family: Montserrat, sans-serif; font-size: 14px; background-color: #ffffff;\">\r\n<div class=\"col-lg-4\" style=\"box-sizing: border-box; position: relative; width: 246.656px; min-height: 1px; padding: 3px 3px 10px; flex: 0 0 33.3333%; max-width: 33.3333%;\">\r\n<p style=\"box-sizing: border-box; margin: 0px;\"><a style=\"box-sizing: border-box; -webkit-tap-highlight-color: transparent; color: #404d60;\" href=\"https://www.jetec.com.tw/Contact-us\" target=\"_blank\" rel=\"nofollow noopener\"><img style=\"box-sizing: border-box; max-width: 100%; display: inline-block; vertical-align: middle;\" src=\"https://www.jetec.com.tw/sites/default/files/2022-07/pyrheliometer-05.svg\" alt=\"\" /></a></p>\r\n</div>\r\n<div class=\"col-lg-4\" style=\"box-sizing: border-box; position: relative; width: 246.656px; min-height: 1px; padding: 3px 3px 10px; flex: 0 0 33.3333%; max-width: 33.3333%;\">\r\n<p style=\"box-sizing: border-box; margin: 0px;\"><a style=\"box-sizing: border-box; -webkit-tap-highlight-color: transparent; color: #404d60;\" href=\"https://www.jetec.com.tw/Contact-us\" target=\"_blank\" rel=\"nofollow noopener\"><img style=\"box-sizing: border-box; max-width: 100%; display: inline-block; vertical-align: middle;\" src=\"https://www.jetec.com.tw/sites/default/files/2022-07/pyrheliometer-06.svg\" alt=\"\" /></a></p>\r\n</div>\r\n<div class=\"col-lg-4\" style=\"box-sizing: border-box; position: relative; width: 246.656px; min-height: 1px; padding: 3px 3px 10px; flex: 0 0 33.3333%; max-width: 33.3333%;\">\r\n<p style=\"box-sizing: border-box; margin: 0px;\"><a style=\"box-sizing: border-box; -webkit-tap-highlight-color: transparent; color: #404d60;\" href=\"https://www.jetec.com.tw/Contact-us\" target=\"_blank\" rel=\"nofollow noopener\"><img style=\"box-sizing: border-box; max-width: 100%; display: inline-block; vertical-align: middle;\" src=\"https://www.jetec.com.tw/sites/default/files/2022-07/pyrheliometer-07.svg\" alt=\"\" /></a></p>\r\n</div>\r\n</div>\r\n<p style=\"box-sizing: border-box; margin: 15px 0px 0px; color: #404d60; font-family: Montserrat, sans-serif; font-size: 14px; background-color: #ffffff;\"><img style=\"box-sizing: border-box; max-width: 100%; display: inline-block; vertical-align: middle;\" src=\"https://www.jetec.com.tw/sites/default/files/2022-07/pyrheliometer-08.svg\" alt=\"\" /></p>\r\n<div class=\"row\" style=\"box-sizing: border-box; display: flex; flex-wrap: wrap; margin-right: -15px; margin-left: -15px; margin-top: 30px; color: #404d60; font-family: Montserrat, sans-serif; font-size: 14px; background-color: #ffffff;\">\r\n<div class=\"col-lg-4\" style=\"box-sizing: border-box; position: relative; width: 246.656px; min-height: 1px; padding: 3px 3px 10px; flex: 0 0 33.3333%; max-width: 33.3333%;\">\r\n<p style=\"box-sizing: border-box; margin: 0px;\"><a style=\"box-sizing: border-box; -webkit-tap-highlight-color: transparent; color: #404d60;\" href=\"https://www.jetec.com.tw/product/SP-214-SS\" target=\"_blank\" rel=\"noopener\"><img style=\"box-sizing: border-box; max-width: 100%; display: inline-block; vertical-align: middle;\" src=\"https://www.jetec.com.tw/sites/default/files/2022-07/pyrheliometer-09.svg\" alt=\"\" /></a></p>\r\n</div>\r\n<div class=\"col-lg-4\" style=\"box-sizing: border-box; position: relative; width: 246.656px; min-height: 1px; padding: 3px 3px 10px; flex: 0 0 33.3333%; max-width: 33.3333%;\">\r\n<p style=\"box-sizing: border-box; margin: 0px;\"><a style=\"box-sizing: border-box; -webkit-tap-highlight-color: transparent; color: #404d60;\" href=\"https://www.jetec.com.tw/chinese/product6-1_JSP-420.html\" target=\"_blank\" rel=\"noopener\"><img style=\"box-sizing: border-box; max-width: 100%; display: inline-block; vertical-align: middle;\" src=\"https://www.jetec.com.tw/sites/default/files/2022-07/pyrheliometer-10.svg\" alt=\"\" /></a></p>\r\n</div>\r\n</div>\r\n<p style=\"box-sizing: border-box; margin: 15px 0px 0px; color: #404d60; font-family: Montserrat, sans-serif; font-size: 14px; background-color: #ffffff;\"><a style=\"box-sizing: border-box; -webkit-tap-highlight-color: transparent; color: #404d60;\" href=\"https://www.jetec.com.tw/Contact-us\" target=\"_blank\" rel=\"nofollow noopener\"><img style=\"box-sizing: border-box; max-width: 100%; display: inline-block; vertical-align: middle;\" src=\"https://www.jetec.com.tw/sites/default/files/2022-07/pyrheliometer-11.svg\" alt=\"\" /></a></p>\r\n<p style=\"box-sizing: border-box; margin: 10px 0px 0px; color: #404d60; font-family: Montserrat, sans-serif; font-size: 14px; background-color: #ffffff;\"><a style=\"box-sizing: border-box; -webkit-tap-highlight-color: transparent; color: #404d60;\" href=\"https://www.jetec.com.tw/RadiationIntensity\" target=\"_blank\" rel=\"noopener\"><img style=\"box-sizing: border-box; max-width: 100%; display: inline-block; vertical-align: middle;\" src=\"https://www.jetec.com.tw/sites/default/files/2022-07/pyrheliometer-12.svg\" alt=\"\" /></a></p>\r\n<p style=\"box-sizing: border-box; margin: 10px 0px 0px; color: #404d60; font-family: Montserrat, sans-serif; font-size: 14px; background-color: #ffffff;\">&nbsp;</p>\r\n<center style=\"box-sizing: border-box; color: #404d60; font-family: Montserrat, sans-serif; background-color: #ffffff; font-size: 16px;\"><a style=\"box-sizing: border-box; -webkit-tap-highlight-color: transparent; color: #404d60;\" href=\"https://www.jetec.com.tw/Contact-us\" target=\"_blank\" rel=\"nofollow noopener\">※洽詢光伏監控系統,請聯絡我們 電話04-23729418 Email：sales@jetec.com.tw</a></center>','2022-07-14 16:14','允許',1,'2022-07-14 16:19:27','2022-07-14 16:14:37'),('be521d7a847448caa0976224be029c46','7b537195b5e84509a4d3a1c9b030d535','609eb996f31c4442b586a3c3430ba53f','AAA','<p>9999999999999</p>','2022-07-14 13:28','舉報',10,'2022-07-14 15:28:18','2022-07-14 13:28:08'),('cdf22756b69f430fb673a90c85b4c284','7b537195b5e84509a4d3a1c9b030d535','609eb996f31c4442b586a3c3430ba53f','AAA','<p>333333</p>','2022-07-14 13:27','允許',4,'2022-07-14 13:46:45','2022-07-14 13:27:16'),('db01dd0b0ef646cd837c080e20eb1b72','357ac1b9c1c747139ee68fed3c267478','609eb996f31c4442b586a3c3430ba53f','AAA','<p style=\"box-sizing: border-box; margin: 0px; color: #404d60; font-family: Montserrat, sans-serif; font-size: 14px; background-color: #ffffff;\"><span class=\"fo18\" style=\"box-sizing: border-box; font-size: 18pt;\">在工業製程與原料使用方面，常需要使用到柴油這類的油種材料，柴油屬於輕質油品，是石油提煉後的一種液態油質燃料的產物。它由不同的碳氫化合物混合組成，在生活當中，柴油常用以作為汽車、坦克、飛機等運載工具或其它機械設備的燃料，除此之外工業上也常用柴油來進行燃燒發電等能量轉換應用，因此，有效的監管油品相關感測數值，除了能提供穩定的產線能量供應外，更能提升產能價值。</span></p>\r\n<p style=\"box-sizing: border-box; margin: 10px 0px 0px; color: #404d60; font-family: Montserrat, sans-serif; font-size: 14px; background-color: #ffffff;\">&nbsp;</p>\r\n<p style=\"box-sizing: border-box; margin: 10px 0px 0px; color: #404d60; font-family: Montserrat, sans-serif; font-size: 14px; background-color: #ffffff;\"><span class=\"fo18\" style=\"box-sizing: border-box; font-size: 18pt;\">比如說日常常見的柴油發電機，就能在緊急情況或長時間停電時提供企業與民生穩定供電，而其中的柴油燃料則是整個發電機的成本中心之一，如何確保柴油燃料的平穩供應以達到整體運作效能的穩定，則需要仰賴相關監控系統的搭配應用。</span></p>\r\n<p style=\"box-sizing: border-box; margin: 10px 0px 0px; color: #404d60; font-family: Montserrat, sans-serif; font-size: 14px; background-color: #ffffff;\">&nbsp;</p>\r\n<p style=\"box-sizing: border-box; margin: 10px 0px 0px; color: #404d60; font-family: Montserrat, sans-serif; font-size: 14px; background-color: #ffffff;\">&nbsp;</p>\r\n<p style=\"box-sizing: border-box; margin: 10px 0px 0px; color: #404d60; font-family: Montserrat, sans-serif; font-size: 14px; background-color: #ffffff;\"><span class=\"fo24 bold\" style=\"box-sizing: border-box; font-size: 24pt; font-weight: bold; color: #000066;\">從上到下的柴油監控</span></p>\r\n<p style=\"box-sizing: border-box; margin: 10px 0px 0px; color: #404d60; font-family: Montserrat, sans-serif; font-size: 14px; background-color: #ffffff;\">&nbsp;</p>\r\n<p style=\"box-sizing: border-box; margin: 10px 0px 0px; color: #404d60; font-family: Montserrat, sans-serif; font-size: 14px; background-color: #ffffff;\"><span class=\"fo18\" style=\"box-sizing: border-box; font-size: 18pt;\">久德提供由上到下全方位的油品監控解決方案，從油品流量到油中水分，皆可系統式的整合，提供產業更為穩定的能源供應，實時監控油料儲存，更可確保整體工作環境的安全性，避免相關油料洩漏造成無法挽回的災害發生。</span></p>\r\n<p style=\"box-sizing: border-box; margin: 10px 0px 0px; color: #404d60; font-family: Montserrat, sans-serif; font-size: 14px; background-color: #ffffff;\">&nbsp;</p>\r\n<p style=\"box-sizing: border-box; margin: 10px 0px 0px; color: #404d60; font-family: Montserrat, sans-serif; font-size: 14px; background-color: #ffffff;\">&nbsp;</p>\r\n<p style=\"box-sizing: border-box; margin: 10px 0px 0px; color: #404d60; font-family: Montserrat, sans-serif; font-size: 14px; background-color: #ffffff;\"><img style=\"box-sizing: border-box; max-width: 100%; display: inline-block; vertical-align: middle;\" src=\"https://www.jetec.com.tw/sites/default/files/2022-07/DieselMonitoring-03.svg\" alt=\"Join-cloud 雲端系統平台 行動裝置及時查看遠端數據 歷史數據曲線圖 line警報通知 pdf/csv檔案格式下載 遠端開關 人員分層管理\" /></p>\r\n<p style=\"box-sizing: border-box; margin: 10px 0px 0px; color: #404d60; font-family: Montserrat, sans-serif; font-size: 14px; background-color: #ffffff;\">&nbsp;</p>\r\n<p style=\"box-sizing: border-box; margin: 10px 0px 0px; color: #404d60; font-family: Montserrat, sans-serif; font-size: 14px; background-color: #ffffff;\">&nbsp;</p>\r\n<p style=\"box-sizing: border-box; margin: 10px 0px 0px; color: #404d60; font-family: Montserrat, sans-serif; font-size: 14px; background-color: #ffffff;\"><span class=\"fo24 bold\" style=\"box-sizing: border-box; font-size: 24pt; font-weight: bold; color: #000066;\">導入系統優勢</span></p>\r\n<p style=\"box-sizing: border-box; margin: 10px 0px 0px; color: #404d60; font-family: Montserrat, sans-serif; font-size: 14px; background-color: #ffffff;\">&nbsp;</p>\r\n<div class=\"row text-center\" style=\"box-sizing: border-box; display: flex; flex-wrap: wrap; margin-right: -15px; margin-left: -15px; text-align: center; margin-top: 30px; color: #404d60; font-family: Montserrat, sans-serif; font-size: 14px; background-color: #ffffff;\">\r\n<div class=\"col-lg-3\" style=\"box-sizing: border-box; position: relative; width: 277.5px; min-height: 1px; padding-right: 15px; padding-left: 15px; flex: 0 0 25%; max-width: 25%;\"><img style=\"box-sizing: border-box; max-width: 100%; display: inline-block; vertical-align: middle; border-radius: 3px;\" src=\"https://www.jetec.com.tw/sites/default/files/2022-07/DieselMonitoring-04.png\" />\r\n<p style=\"box-sizing: border-box; margin: 15px 0px 0px;\"><span style=\"box-sizing: border-box; font-size: 18pt; font-weight: bold;\">可視化管理</span></p>\r\n<p style=\"box-sizing: border-box; margin: 10px 0px 0px;\"><span style=\"box-sizing: border-box; font-size: 16pt;\">支援手機、平板、電腦與網頁等介面，易讀的數據管理介面，輕鬆掌握數值變化</span></p>\r\n</div>\r\n<div class=\"col-lg-3\" style=\"box-sizing: border-box; position: relative; width: 277.5px; min-height: 1px; padding-right: 15px; padding-left: 15px; flex: 0 0 25%; max-width: 25%;\"><img style=\"box-sizing: border-box; max-width: 100%; display: inline-block; vertical-align: middle; border-radius: 3px;\" src=\"https://www.jetec.com.tw/sites/default/files/2022-07/DieselMonitoring-05.png\" />\r\n<p style=\"box-sizing: border-box; margin: 15px 0px 0px;\"><span style=\"box-sizing: border-box; font-size: 18pt; font-weight: bold;\">節省成本</span></p>\r\n<p style=\"box-sizing: border-box; margin: 10px 0px 0px;\"><span style=\"box-sizing: border-box; font-size: 16pt;\">自動化管理，有效監管裝置運作狀況，避免異常導致的能源浪費</span></p>\r\n</div>\r\n<div class=\"col-lg-3\" style=\"box-sizing: border-box; position: relative; width: 277.5px; min-height: 1px; padding-right: 15px; padding-left: 15px; flex: 0 0 25%; max-width: 25%;\"><img style=\"box-sizing: border-box; max-width: 100%; display: inline-block; vertical-align: middle; border-radius: 3px;\" src=\"https://www.jetec.com.tw/sites/default/files/2022-07/DieselMonitoring-06.png\" />\r\n<p style=\"box-sizing: border-box; margin: 15px 0px 0px;\"><span style=\"box-sizing: border-box; font-size: 18pt; font-weight: bold;\">減少人力巡檢負擔</span></p>\r\n<p style=\"box-sizing: border-box; margin: 10px 0px 0px;\"><span style=\"box-sizing: border-box; font-size: 16pt;\">無線系統整合，於同台裝置上就能簡單查看廠區各點數值狀況，並於異常發生時主動推播訊息警報告知管理人員進行狀況排除</span></p>\r\n</div>\r\n<div class=\"col-lg-3\" style=\"box-sizing: border-box; position: relative; width: 277.5px; min-height: 1px; padding-right: 15px; padding-left: 15px; flex: 0 0 25%; max-width: 25%;\"><img style=\"box-sizing: border-box; max-width: 100%; display: inline-block; vertical-align: middle; border-radius: 3px;\" src=\"https://www.jetec.com.tw/sites/default/files/2022-07/DieselMonitoring-07.png\" />\r\n<p style=\"box-sizing: border-box; margin: 15px 0px 0px;\"><span style=\"box-sizing: border-box; font-size: 18pt; font-weight: bold;\">遠程Relay控制</span></p>\r\n<p style=\"box-sizing: border-box; margin: 10px 0px 0px;\"><span style=\"box-sizing: border-box; font-size: 16pt;\">可於遠端調整開關控制，不必趕到現場，就可進行即時處理，運作更為靈活便利</span></p>\r\n</div>\r\n</div>\r\n<p style=\"box-sizing: border-box; margin: 15px 0px 0px; color: #404d60; font-family: Montserrat, sans-serif; font-size: 14px; background-color: #ffffff;\">&nbsp;</p>\r\n<p style=\"box-sizing: border-box; margin: 10px 0px 0px; color: #404d60; font-family: Montserrat, sans-serif; font-size: 14px; background-color: #ffffff;\">&nbsp;</p>\r\n<p style=\"box-sizing: border-box; margin: 10px 0px 0px; color: #404d60; font-family: Montserrat, sans-serif; font-size: 14px; background-color: #ffffff;\">&nbsp;</p>\r\n<p style=\"box-sizing: border-box; margin: 10px 0px 0px; color: #404d60; font-family: Montserrat, sans-serif; font-size: 14px; background-color: #ffffff;\"><span class=\"fo24 bold\" style=\"box-sizing: border-box; font-size: 24pt; font-weight: bold; color: #000066;\">常見的油品偵測數值</span></p>\r\n<p style=\"box-sizing: border-box; margin: 10px 0px 0px; color: #404d60; font-family: Montserrat, sans-serif; font-size: 14px; background-color: #ffffff;\">&nbsp;</p>\r\n<p style=\"box-sizing: border-box; margin: 10px 0px 0px; color: #404d60; font-family: Montserrat, sans-serif; font-size: 14px; background-color: #ffffff;\">&nbsp;</p>\r\n<p style=\"box-sizing: border-box; margin: 10px 0px 0px; color: #404d60; font-family: Montserrat, sans-serif; font-size: 14px; background-color: #ffffff;\">&nbsp;</p>\r\n<div class=\"row text-center\" style=\"box-sizing: border-box; display: flex; flex-wrap: wrap; margin-right: -15px; margin-left: -15px; text-align: center; margin-top: 30px; color: #404d60; font-family: Montserrat, sans-serif; font-size: 14px; background-color: #ffffff;\">\r\n<div class=\"col-lg-1\" style=\"box-sizing: border-box; position: relative; width: 92.5px; min-height: 1px; padding-right: 15px; padding-left: 15px; flex: 0 0 8.33333%; max-width: 8.33333%;\">&nbsp;</div>\r\n<div class=\"col-lg-2\" style=\"box-sizing: border-box; position: relative; width: 185px; min-height: 1px; padding-right: 15px; padding-left: 15px; flex: 0 0 16.6667%; max-width: 16.6667%;\"><a style=\"box-sizing: border-box; -webkit-tap-highlight-color: transparent; color: #404d60;\" href=\"https://www.jetec.com.tw/Application/DieselMonitoring#DieselMonitoring1\"><img style=\"box-sizing: border-box; max-width: 100%; display: inline-block; vertical-align: middle;\" src=\"https://www.jetec.com.tw/sites/default/files/2022-07/DieselMonitoring-08.svg\" /></a></div>\r\n<div class=\"col-lg-2\" style=\"box-sizing: border-box; position: relative; width: 185px; min-height: 1px; padding-right: 15px; padding-left: 15px; flex: 0 0 16.6667%; max-width: 16.6667%;\"><a style=\"box-sizing: border-box; -webkit-tap-highlight-color: transparent; color: #404d60;\" href=\"https://www.jetec.com.tw/Application/DieselMonitoring#DieselMonitoring2\"><img style=\"box-sizing: border-box; max-width: 100%; display: inline-block; vertical-align: middle;\" src=\"https://www.jetec.com.tw/sites/default/files/2022-07/DieselMonitoring-09.svg\" /></a></div>\r\n<div class=\"col-lg-2\" style=\"box-sizing: border-box; position: relative; width: 185px; min-height: 1px; padding-right: 15px; padding-left: 15px; flex: 0 0 16.6667%; max-width: 16.6667%;\"><a style=\"box-sizing: border-box; -webkit-tap-highlight-color: transparent; color: #404d60;\" href=\"https://www.jetec.com.tw/Application/DieselMonitoring#DieselMonitoring3\"><img style=\"box-sizing: border-box; max-width: 100%; display: inline-block; vertical-align: middle;\" src=\"https://www.jetec.com.tw/sites/default/files/2022-07/DieselMonitoring-10.svg\" /></a></div>\r\n<div class=\"col-lg-2\" style=\"box-sizing: border-box; position: relative; width: 185px; min-height: 1px; padding-right: 15px; padding-left: 15px; flex: 0 0 16.6667%; max-width: 16.6667%;\"><a style=\"box-sizing: border-box; -webkit-tap-highlight-color: transparent; color: #404d60;\" href=\"https://www.jetec.com.tw/Application/DieselMonitoring#DieselMonitoring4\"><img style=\"box-sizing: border-box; max-width: 100%; display: inline-block; vertical-align: middle;\" src=\"https://www.jetec.com.tw/sites/default/files/2022-07/DieselMonitoring-11.svg\" /></a></div>\r\n<div class=\"col-lg-2\" style=\"box-sizing: border-box; position: relative; width: 185px; min-height: 1px; padding-right: 15px; padding-left: 15px; flex: 0 0 16.6667%; max-width: 16.6667%;\"><a style=\"box-sizing: border-box; -webkit-tap-highlight-color: transparent; color: #404d60;\" href=\"https://www.jetec.com.tw/Application/DieselMonitoring#DieselMonitoring5\"><img style=\"box-sizing: border-box; max-width: 100%; display: inline-block; vertical-align: middle;\" src=\"https://www.jetec.com.tw/sites/default/files/2022-07/DieselMonitoring-12.svg\" /></a></div>\r\n<div class=\"col-lg-1\" style=\"box-sizing: border-box; position: relative; width: 92.5px; min-height: 1px; padding-right: 15px; padding-left: 15px; flex: 0 0 8.33333%; max-width: 8.33333%;\">&nbsp;</div>\r\n</div>\r\n<p id=\"DieselMonitoring1\" style=\"box-sizing: border-box; margin: 15px 0px 0px; color: #404d60; font-family: Montserrat, sans-serif; font-size: 14px; background-color: #ffffff;\">&nbsp;</p>\r\n<p style=\"box-sizing: border-box; margin: 10px 0px 0px; color: #404d60; font-family: Montserrat, sans-serif; font-size: 14px; background-color: #ffffff;\">&nbsp;</p>\r\n<p style=\"box-sizing: border-box; margin: 10px 0px 0px; color: #404d60; font-family: Montserrat, sans-serif; font-size: 14px; background-color: #ffffff;\">&nbsp;</p>\r\n<p style=\"box-sizing: border-box; margin: 10px 0px 0px; color: #404d60; font-family: Montserrat, sans-serif; font-size: 14px; background-color: #ffffff;\"><img style=\"box-sizing: border-box; max-width: 100%; display: inline-block; vertical-align: middle; width: 1080px;\" src=\"https://www.jetec.com.tw/sites/default/files/2022-07/DieselMonitoring-13.svg\" /></p>\r\n<p style=\"box-sizing: border-box; margin: 10px 0px 0px; color: #404d60; font-family: Montserrat, sans-serif; font-size: 14px; background-color: #ffffff;\"><span style=\"box-sizing: border-box; font-size: 16pt;\">柴油於接洩/轉罐的過程中，或因油品沉澱時間不夠，甚至是油品本身的性質、環境的溫度影響，都會造成柴油當中含有水分，而這些水分都是造成汽缸壁與活塞環以及噴油泵柱塞偶件磨損的重要原因之一，除此之外，柴油中的水分還會降地柴油發熱量，導致冬季時油路堵塞，並增加零件的腐蝕作用等影響。</span></p>\r\n<p style=\"box-sizing: border-box; margin: 10px 0px 0px; color: #404d60; font-family: Montserrat, sans-serif; font-size: 14px; background-color: #ffffff;\">&nbsp;</p>\r\n<p style=\"box-sizing: border-box; margin: 10px 0px 0px; color: #404d60; font-family: Montserrat, sans-serif; font-size: 14px; background-color: #ffffff;\"><span style=\"box-sizing: border-box; font-size: 16pt;\">然而，柴油始終會含有定量的水分，如何有效的讓水分保持在可接受的範圍內，遠低於飽和點，則需要相關的油中水分監控，久德多款油中水分計，除了能提供可靠的實時結果，更可量測如水分活度 (aw) 、溫度 (T)與油中的絕對水含量 (x)等數值，提供更全面的油中水分數值參考。</span></p>\r\n<div class=\"row\" style=\"box-sizing: border-box; display: flex; flex-wrap: wrap; margin-right: -15px; margin-left: -15px; margin-top: 30px; color: #404d60; font-family: Montserrat, sans-serif; font-size: 14px; background-color: #ffffff;\">\r\n<div class=\"col-lg-3\" style=\"box-sizing: border-box; position: relative; width: 277.5px; min-height: 1px; padding: 2px; flex: 0 0 25%; max-width: 25%;\"><a style=\"box-sizing: border-box; -webkit-tap-highlight-color: transparent; color: #404d60;\" href=\"https://www.jetec.com.tw/chinese/product1-5_EE364.html\"><img style=\"box-sizing: border-box; max-width: 100%; display: inline-block; vertical-align: middle;\" src=\"https://www.jetec.com.tw/sites/default/files/2022-07/DieselMonitoring-14.svg\" /></a></div>\r\n<div class=\"col-lg-3\" style=\"box-sizing: border-box; position: relative; width: 277.5px; min-height: 1px; padding: 2px; flex: 0 0 25%; max-width: 25%;\"><a style=\"box-sizing: border-box; -webkit-tap-highlight-color: transparent; color: #404d60;\" href=\"https://www.jetec.com.tw/product/MOP301\"><img style=\"box-sizing: border-box; max-width: 100%; display: inline-block; vertical-align: middle;\" src=\"https://www.jetec.com.tw/sites/default/files/2022-07/DieselMonitoring-15.svg\" /></a></div>\r\n<div class=\"col-lg-3\" style=\"box-sizing: border-box; position: relative; width: 277.5px; min-height: 1px; padding: 2px; flex: 0 0 25%; max-width: 25%;\"><a style=\"box-sizing: border-box; -webkit-tap-highlight-color: transparent; color: #404d60;\" href=\"https://www.jetec.com.tw/chinese/product1-5_EE360.html\"><img style=\"box-sizing: border-box; max-width: 100%; display: inline-block; vertical-align: middle;\" src=\"https://www.jetec.com.tw/sites/default/files/2022-07/DieselMonitoring-16.svg\" /></a></div>\r\n<div class=\"col-lg-3\" style=\"box-sizing: border-box; position: relative; width: 277.5px; min-height: 1px; padding: 2px; flex: 0 0 25%; max-width: 25%;\"><a style=\"box-sizing: border-box; -webkit-tap-highlight-color: transparent; color: #404d60;\" href=\"https://www.jetec.com.tw/chinese/product1-5_OILPORT_30_SET.html\"><img style=\"box-sizing: border-box; max-width: 100%; display: inline-block; vertical-align: middle;\" src=\"https://www.jetec.com.tw/sites/default/files/2022-07/DieselMonitoring-17.svg\" /></a></div>\r\n</div>\r\n<p style=\"box-sizing: border-box; margin: 15px 0px 0px; color: #404d60; font-family: Montserrat, sans-serif; font-size: 14px; background-color: #ffffff;\"><img style=\"box-sizing: border-box; max-width: 100%; display: inline-block; vertical-align: middle; width: 756px;\" src=\"https://www.jetec.com.tw/sites/default/files/2022-07/DieselMonitoring-18.svg\" alt=\"久德提供的油中水分計除了能量測柴油水分外,也可應用於儒變壓器油,潤滑油,液壓油 等 ,各式油品監控應用\" /></p>\r\n<div style=\"box-sizing: border-box; color: #404d60; font-family: Montserrat, sans-serif; font-size: 14px; background-color: #ffffff;\">\r\n<p id=\"DieselMonitoring2\" style=\"box-sizing: border-box; margin: 0px;\">&nbsp;</p>\r\n<p style=\"box-sizing: border-box; margin: 10px 0px 0px;\">&nbsp;</p>\r\n<p style=\"box-sizing: border-box; margin: 10px 0px 0px;\">&nbsp;</p>\r\n<p style=\"box-sizing: border-box; margin: 10px 0px 0px;\"><img style=\"box-sizing: border-box; max-width: 100%; display: inline-block; vertical-align: middle; width: 1080px;\" src=\"https://www.jetec.com.tw/sites/default/files/2022-07/DieselMonitoring-19.svg\" /></p>\r\n<p style=\"box-sizing: border-box; margin: 10px 0px 0px;\"><span style=\"box-sizing: border-box; font-size: 16pt;\">油槽的儲放若是沒有妥善的管控，往往會造成嚴重的事故發生，若因油槽洩漏而未馬上採取相關措施，更有可能導致環境汙染、火災，甚至是爆炸等危害產生。</span></p>\r\n&nbsp;\r\n<p style=\"box-sizing: border-box; margin: 10px 0px 0px;\"><span style=\"box-sizing: border-box; font-size: 16pt;\">久德提供各式非接觸式的液位計，連續性量測，確保油品儲放於安全狀態，更能於油位過高/過低時發出警示，提醒管理人員採取行動，準確的油槽液位數據更可確保維修僅需維修的油槽，省下大量巡檢成本，提供更安全保障的工作環境。</span></p>\r\n<div class=\"row\" style=\"box-sizing: border-box; display: flex; flex-wrap: wrap; margin-right: -15px; margin-left: -15px; margin-top: 30px;\">\r\n<div class=\"col-lg-3\" style=\"box-sizing: border-box; position: relative; width: 277.5px; min-height: 1px; padding: 2px; flex: 0 0 25%; max-width: 25%;\"><a style=\"box-sizing: border-box; -webkit-tap-highlight-color: transparent; color: #404d60;\" href=\"https://www.jetec.com.tw/chinese/product1-3_CLM40.html\"><img style=\"box-sizing: border-box; max-width: 100%; display: inline-block; vertical-align: middle;\" src=\"https://www.jetec.com.tw/sites/default/files/2022-07/DieselMonitoring-21.svg\" /></a></div>\r\n<div class=\"col-lg-3\" style=\"box-sizing: border-box; position: relative; width: 277.5px; min-height: 1px; padding: 2px; flex: 0 0 25%; max-width: 25%;\"><a style=\"box-sizing: border-box; -webkit-tap-highlight-color: transparent; color: #404d60;\" href=\"https://www.jetec.com.tw/chinese/product1-3_ULM70.html\"><img style=\"box-sizing: border-box; max-width: 100%; display: inline-block; vertical-align: middle;\" src=\"https://www.jetec.com.tw/sites/default/files/2022-07/DieselMonitoring-22.svg\" /></a></div>\r\n<div class=\"col-lg-3\" style=\"box-sizing: border-box; position: relative; width: 277.5px; min-height: 1px; padding: 2px; flex: 0 0 25%; max-width: 25%;\">&nbsp;</div>\r\n<div class=\"col-lg-3\" style=\"box-sizing: border-box; position: relative; width: 277.5px; min-height: 1px; padding: 2px; flex: 0 0 25%; max-width: 25%;\">&nbsp;</div>\r\n</div>\r\n&nbsp;\r\n<p style=\"box-sizing: border-box; margin: 15px 0px 0px;\"><a style=\"box-sizing: border-box; -webkit-tap-highlight-color: transparent; color: #404d60;\" href=\"https://www.jetec.com.tw/TankerLevel\"><img style=\"box-sizing: border-box; max-width: 100%; display: inline-block; vertical-align: middle; width: 1080px;\" src=\"https://www.jetec.com.tw/sites/default/files/2022-07/DieselMonitoring-23.svg\" alt=\"槽車液位警報系統,精準量測槽車內的液位狀態,搭配響亮的聲光警報,有效加大對槽車的監測力度,降低投入成本,提高槽車的運行安全性,提升人員工作效率\" /></a></p>\r\n</div>\r\n<p style=\"box-sizing: border-box; margin: 0px; color: #404d60; font-family: Montserrat, sans-serif; font-size: 14px; background-color: #ffffff;\">&nbsp;</p>\r\n<div style=\"box-sizing: border-box; color: #404d60; font-family: Montserrat, sans-serif; font-size: 14px; background-color: #ffffff;\">\r\n<p id=\"DieselMonitoring3\" style=\"box-sizing: border-box; margin: 0px;\">&nbsp;</p>\r\n<p style=\"box-sizing: border-box; margin: 10px 0px 0px;\">&nbsp;</p>\r\n<p style=\"box-sizing: border-box; margin: 10px 0px 0px;\">&nbsp;</p>\r\n<p style=\"box-sizing: border-box; margin: 10px 0px 0px;\"><img style=\"box-sizing: border-box; max-width: 100%; display: inline-block; vertical-align: middle; width: 1080px;\" src=\"https://www.jetec.com.tw/sites/default/files/2022-07/DieselMonitoring-24.svg\" /></p>\r\n<p style=\"box-sizing: border-box; margin: 10px 0px 0px;\"><span style=\"box-sizing: border-box; font-size: 16pt;\">不論是在大型石化產業中的能源供應，又或是一般民生的汽機車油管應用，油品傳輸大都採用複雜的管道佈線組成，若當管線中一處不慎發生洩漏情況，往往因無法及時察覺而造成嚴重的災情產生，漏油事件的結果可能會造成水污染，並影響海洋生態，當此情況發生於陸地上時，更有可能引起火災、爆炸等更嚴重的危害。</span></p>\r\n&nbsp;\r\n<p style=\"box-sizing: border-box; margin: 10px 0px 0px;\"><span style=\"box-sizing: border-box; font-size: 16pt;\">久德提供光學式/電容式的漏液檢知器，除能及時檢知漏液狀況，後端開關輸出與警示燈號等都能提供相關人員更有效率地排除狀況。</span></p>\r\n<div class=\"row\" style=\"box-sizing: border-box; display: flex; flex-wrap: wrap; margin-right: -15px; margin-left: -15px; margin-top: 30px;\">\r\n<div class=\"col-lg-3\" style=\"box-sizing: border-box; position: relative; width: 277.5px; min-height: 1px; padding: 2px; flex: 0 0 25%; max-width: 25%;\"><a style=\"box-sizing: border-box; -webkit-tap-highlight-color: transparent; color: #404d60;\" href=\"https://www.jetec.com.tw/chinese/product1-2_WL10.html\"><img style=\"box-sizing: border-box; max-width: 100%; display: inline-block; vertical-align: middle;\" src=\"https://www.jetec.com.tw/sites/default/files/2022-07/DieselMonitoring-25.svg\" /></a></div>\r\n<div class=\"col-lg-3\" style=\"box-sizing: border-box; position: relative; width: 277.5px; min-height: 1px; padding: 2px; flex: 0 0 25%; max-width: 25%;\"><a style=\"box-sizing: border-box; -webkit-tap-highlight-color: transparent; color: #404d60;\" href=\"https://www.jetec.com.tw/chinese/product1-3_CPS24.html\"><img style=\"box-sizing: border-box; max-width: 100%; display: inline-block; vertical-align: middle;\" src=\"https://www.jetec.com.tw/sites/default/files/2022-07/DieselMonitoring-26.svg\" /></a></div>\r\n<div class=\"col-lg-3\" style=\"box-sizing: border-box; position: relative; width: 277.5px; min-height: 1px; padding: 2px; flex: 0 0 25%; max-width: 25%;\">&nbsp;</div>\r\n<div class=\"col-lg-3\" style=\"box-sizing: border-box; position: relative; width: 277.5px; min-height: 1px; padding: 2px; flex: 0 0 25%; max-width: 25%;\">&nbsp;</div>\r\n</div>\r\n<div style=\"box-sizing: border-box;\">\r\n<p id=\"DieselMonitoring4\" style=\"box-sizing: border-box; margin: 0px;\">&nbsp;</p>\r\n<p style=\"box-sizing: border-box; margin: 10px 0px 0px;\">&nbsp;</p>\r\n<p style=\"box-sizing: border-box; margin: 10px 0px 0px;\">&nbsp;</p>\r\n<p style=\"box-sizing: border-box; margin: 10px 0px 0px;\"><img style=\"box-sizing: border-box; max-width: 100%; display: inline-block; vertical-align: middle; width: 1080px;\" src=\"https://www.jetec.com.tw/sites/default/files/2022-07/DieselMonitoring-27.svg\" /></p>\r\n<p style=\"box-sizing: border-box; margin: 10px 0px 0px;\"><span style=\"box-sizing: border-box; font-size: 16pt;\">製程中能量的消耗供應控管、油品的交接貿易與油罐計數量測/計算等大多都要仰賴液位計與流量計等相互配合應用，然而相關油類的&rdquo;動黏度&rdquo;時常會影響流量量測的精準性，選擇合適的流量計產品，除能提供更為準確的量測數值外，也能確保裝置的耐久性，節省企業損耗成本，提升產能效益。</span></p>\r\n<div class=\"row\" style=\"box-sizing: border-box; display: flex; flex-wrap: wrap; margin-right: -15px; margin-left: -15px; margin-top: 30px;\">\r\n<div class=\"col-lg-3\" style=\"box-sizing: border-box; position: relative; width: 277.5px; min-height: 1px; padding: 2px; flex: 0 0 25%; max-width: 25%;\"><a style=\"box-sizing: border-box; -webkit-tap-highlight-color: transparent; color: #404d60;\" href=\"https://www.jetec.com.tw/chinese/product1-3_OFZ.html\"><img style=\"box-sizing: border-box; max-width: 100%; display: inline-block; vertical-align: middle;\" src=\"https://www.jetec.com.tw/sites/default/files/2022-07/DieselMonitoring-28.svg\" /></a></div>\r\n<div class=\"col-lg-3\" style=\"box-sizing: border-box; position: relative; width: 277.5px; min-height: 1px; padding: 2px; flex: 0 0 25%; max-width: 25%;\"><a style=\"box-sizing: border-box; -webkit-tap-highlight-color: transparent; color: #404d60;\" href=\"https://www.jetec.com.tw/chinese/product1-3_OFW.html\"><img style=\"box-sizing: border-box; max-width: 100%; display: inline-block; vertical-align: middle;\" src=\"https://www.jetec.com.tw/sites/default/files/2022-07/DieselMonitoring-29.svg\" /></a></div>\r\n<div class=\"col-lg-3\" style=\"box-sizing: border-box; position: relative; width: 277.5px; min-height: 1px; padding: 2px; flex: 0 0 25%; max-width: 25%;\"><a style=\"box-sizing: border-box; -webkit-tap-highlight-color: transparent; color: #404d60;\" href=\"https://www.jetec.com.tw/chinese/product1-3_KOG.html\"><img style=\"box-sizing: border-box; max-width: 100%; display: inline-block; vertical-align: middle;\" src=\"https://www.jetec.com.tw/sites/default/files/2022-07/DieselMonitoring-30.svg\" /></a></div>\r\n<div class=\"col-lg-3\" style=\"box-sizing: border-box; position: relative; width: 277.5px; min-height: 1px; padding: 2px; flex: 0 0 25%; max-width: 25%;\"><a style=\"box-sizing: border-box; -webkit-tap-highlight-color: transparent; color: #404d60;\" href=\"https://www.jetec.com.tw/chinese/product1-3_FCH.html\"><img style=\"box-sizing: border-box; max-width: 100%; display: inline-block; vertical-align: middle;\" src=\"https://www.jetec.com.tw/sites/default/files/2022-07/DieselMonitoring-31.svg\" /></a></div>\r\n</div>\r\n<p style=\"box-sizing: border-box; margin: 15px 0px 0px;\">&nbsp;</p>\r\n<div style=\"box-sizing: border-box;\">\r\n<p style=\"box-sizing: border-box; margin: 0px;\">&nbsp;</p>\r\n<p id=\"DieselMonitoring5\" style=\"box-sizing: border-box; margin: 10px 0px 0px;\">&nbsp;</p>\r\n<p style=\"box-sizing: border-box; margin: 10px 0px 0px;\"><img style=\"box-sizing: border-box; max-width: 100%; display: inline-block; vertical-align: middle; width: 1080px;\" src=\"https://www.jetec.com.tw/sites/default/files/2022-07/DieselMonitoring-32.svg\" /></p>\r\n<p style=\"box-sizing: border-box; margin: 10px 0px 0px;\"><span style=\"box-sizing: border-box; font-size: 16pt;\">精準量測實時數值對於油品運輸與儲藏的過程固然重要外，當發生異常時提供開關控制，更能有效地提供即時防護與自動化應用。</span></p>\r\n<div class=\"row\" style=\"box-sizing: border-box; display: flex; flex-wrap: wrap; margin-right: -15px; margin-left: -15px; margin-top: 30px;\">\r\n<div class=\"col-lg-3\" style=\"box-sizing: border-box; position: relative; width: 277.5px; min-height: 1px; padding: 2px; flex: 0 0 25%; max-width: 25%;\"><a style=\"box-sizing: border-box; -webkit-tap-highlight-color: transparent; color: #404d60;\" href=\"https://www.jetec.com.tw/chinese/product1-3_FLOWSWITCHEX.html\"><img style=\"box-sizing: border-box; max-width: 100%; display: inline-block; vertical-align: middle;\" src=\"https://www.jetec.com.tw/sites/default/files/2022-07/DieselMonitoring-33.svg\" /></a></div>\r\n<div class=\"col-lg-3\" style=\"box-sizing: border-box; position: relative; width: 277.5px; min-height: 1px; padding: 2px; flex: 0 0 25%; max-width: 25%;\"><a style=\"box-sizing: border-box; -webkit-tap-highlight-color: transparent; color: #404d60;\" href=\"https://www.jetec.com.tw/chinese/product1-3_JCS01.html\"><img style=\"box-sizing: border-box; max-width: 100%; display: inline-block; vertical-align: middle;\" src=\"https://www.jetec.com.tw/sites/default/files/2022-07/DieselMonitoring-34.svg\" /></a></div>\r\n<div class=\"col-lg-3\" style=\"box-sizing: border-box; position: relative; width: 277.5px; min-height: 1px; padding: 2px; flex: 0 0 25%; max-width: 25%;\">&nbsp;</div>\r\n<div class=\"col-lg-3\" style=\"box-sizing: border-box; position: relative; width: 277.5px; min-height: 1px; padding: 2px; flex: 0 0 25%; max-width: 25%;\">&nbsp;</div>\r\n</div>\r\n</div>\r\n</div>\r\n</div>','2022-07-14 16:12','允許',1,'2022-07-14 16:12:36','2022-07-14 16:12:25'),('eb9fc5662e2b4059af6f9a97c2ade52b','f297d5871fbf4eb7bc423dd5b419047e','609eb996f31c4442b586a3c3430ba53f','AAA','<p><img style=\"max-width: 100%; height: 2058px; width: 934px;\" src=\"../file/9ac5a0364f4d486c9e35cdb08975a22a.png\" /></p>\r\n<p>&nbsp;</p>','2022-07-14 16:15','允許',1,'2022-07-14 16:19:33','2022-07-14 16:15:50'),('f4bd0a15b759429fa4e2b58f58d30bd7','7b537195b5e84509a4d3a1c9b030d535','609eb996f31c4442b586a3c3430ba53f','AAA','<p><span style=\"background-color: #ffffff; color: #212529; font-family: system-ui, -apple-system, \'Segoe UI\', Roboto, \'Helvetica Neue\', Arial, \'Noto Sans\', \'Liberation Sans\', sans-serif, \'Apple Color Emoji\', \'Segoe UI Emoji\', \'Segoe UI Symbol\', \'Noto Color Emoji\'; font-size: 16px;\">TTTA🙂</span></p>\r\n<p style=\"box-sizing: border-box; margin-top: 0px; margin-bottom: 1rem; color: #212529; font-family: system-ui, -apple-system, \'Segoe UI\', Roboto, \'Helvetica Neue\', Arial, \'Noto Sans\', \'Liberation Sans\', sans-serif, \'Apple Color Emoji\', \'Segoe UI Emoji\', \'Segoe UI Symbol\', \'Noto Color Emoji\'; font-size: 16px; background-color: #ffffff;\">AAAAA</p>\r\n<p style=\"box-sizing: border-box; margin-top: 0px; margin-bottom: 1rem; color: #212529; font-family: system-ui, -apple-system, \'Segoe UI\', Roboto, \'Helvetica Neue\', Arial, \'Noto Sans\', \'Liberation Sans\', sans-serif, \'Apple Color Emoji\', \'Segoe UI Emoji\', \'Segoe UI Symbol\', \'Noto Color Emoji\'; font-size: 16px; background-color: #ffffff;\">BBBBB</p>\r\n<p style=\"box-sizing: border-box; margin-top: 0px; margin-bottom: 1rem; color: #212529; font-family: system-ui, -apple-system, \'Segoe UI\', Roboto, \'Helvetica Neue\', Arial, \'Noto Sans\', \'Liberation Sans\', sans-serif, \'Apple Color Emoji\', \'Segoe UI Emoji\', \'Segoe UI Symbol\', \'Noto Color Emoji\'; font-size: 16px; background-color: #ffffff;\">CCCCC</p>','2022-07-14 13:11','允許',1,'2022-07-14 15:14:59','2022-07-14 13:11:15');
/*!40000 ALTER TABLE `article_reply` ENABLE KEYS */;
UNLOCK TABLES;

--
-- Table structure for table `article_return`
--

DROP TABLE IF EXISTS `article_return`;
/*!40101 SET @saved_cs_client     = @@character_set_client */;
/*!50503 SET character_set_client = utf8mb4 */;
CREATE TABLE `article_return` (
  `id` bigint unsigned NOT NULL AUTO_INCREMENT,
  `articleid` char(32) COLLATE utf8mb4_bin DEFAULT NULL,
  `replyid` char(32) CHARACTER SET utf8mb4 COLLATE utf8mb4_bin NOT NULL,
  `memberid` char(32) COLLATE utf8mb4_bin NOT NULL,
  `returntype` char(4) CHARACTER SET utf8mb4 COLLATE utf8mb4_bin NOT NULL COMMENT '類型',
  `state` char(3) CHARACTER SET utf8mb4 COLLATE utf8mb4_bin NOT NULL COMMENT '狀態',
  `membername` varchar(100) COLLATE utf8mb4_bin DEFAULT NULL,
  `content` varchar(1000) CHARACTER SET utf8mb4 COLLATE utf8mb4_bin DEFAULT NULL COMMENT '內容',
  `createtime` datetime NOT NULL DEFAULT CURRENT_TIMESTAMP,
  PRIMARY KEY (`id`)
) ENGINE=InnoDB AUTO_INCREMENT=10 DEFAULT CHARSET=utf8mb4 COLLATE=utf8mb4_bin;
/*!40101 SET character_set_client = @saved_cs_client */;

--
-- Dumping data for table `article_return`
--

LOCK TABLES `article_return` WRITE;
/*!40000 ALTER TABLE `article_return` DISABLE KEYS */;
INSERT INTO `article_return` VALUES (7,'7b537195b5e84509a4d3a1c9b030d535','acd96dd124864d2fb21673a4cabbfbbc','609eb996f31c4442b586a3c3430ba53f','文章違規','未處裡','AAA','cccccc','2022-07-14 14:31:06'),(8,'7b537195b5e84509a4d3a1c9b030d535','733fa89a60884ab2853b87570d896f3e','609eb996f31c4442b586a3c3430ba53f','內容重複','未處裡','AAA','AAAAAAAAAAAAA','2022-07-14 14:34:10'),(9,'7b537195b5e84509a4d3a1c9b030d535','be521d7a847448caa0976224be029c46','609eb996f31c4442b586a3c3430ba53f','內容重複','未處裡','AAA','99999999','2022-07-14 14:50:08');
/*!40000 ALTER TABLE `article_return` ENABLE KEYS */;
UNLOCK TABLES;

--
-- Table structure for table `article_thumbsup`
--

DROP TABLE IF EXISTS `article_thumbsup`;
/*!40101 SET @saved_cs_client     = @@character_set_client */;
/*!50503 SET character_set_client = utf8mb4 */;
CREATE TABLE `article_thumbsup` (
  `thumbsupid` char(32) CHARACTER SET utf8 COLLATE utf8_bin NOT NULL,
  `articleid` char(32) CHARACTER SET utf8 COLLATE utf8_bin NOT NULL,
  `memberid` char(32) CHARACTER SET utf8 COLLATE utf8_bin NOT NULL,
  `create_time` datetime DEFAULT CURRENT_TIMESTAMP,
  PRIMARY KEY (`thumbsupid`),
  KEY `article_thumbsup_articleid_IDX` (`articleid`) USING BTREE,
  KEY `article_thumbsup_memberid_IDX` (`memberid`) USING BTREE
) ENGINE=InnoDB DEFAULT CHARSET=utf8mb3 COLLATE=utf8_bin COMMENT='點讚表';
/*!40101 SET character_set_client = @saved_cs_client */;

--
-- Dumping data for table `article_thumbsup`
--

LOCK TABLES `article_thumbsup` WRITE;
/*!40000 ALTER TABLE `article_thumbsup` DISABLE KEYS */;
/*!40000 ALTER TABLE `article_thumbsup` ENABLE KEYS */;
UNLOCK TABLES;

--
-- Table structure for table `authorize`
--

DROP TABLE IF EXISTS `authorize`;
/*!40101 SET @saved_cs_client     = @@character_set_client */;
/*!50503 SET character_set_client = utf8mb4 */;
CREATE TABLE `authorize` (
  `id` char(32) CHARACTER SET utf8 COLLATE utf8_bin NOT NULL,
  `memberid` char(32) CHARACTER SET utf8 COLLATE utf8_bin NOT NULL,
  `update_time` datetime DEFAULT CURRENT_TIMESTAMP ON UPDATE CURRENT_TIMESTAMP,
  `create_time` datetime NOT NULL DEFAULT CURRENT_TIMESTAMP,
  PRIMARY KEY (`id`)
) ENGINE=InnoDB DEFAULT CHARSET=utf8mb3 COLLATE=utf8_bin COMMENT='會員註冊 認證用\r\n忘記密碼 認證用';
/*!40101 SET character_set_client = @saved_cs_client */;

--
-- Dumping data for table `authorize`
--

LOCK TABLES `authorize` WRITE;
/*!40000 ALTER TABLE `authorize` DISABLE KEYS */;
/*!40000 ALTER TABLE `authorize` ENABLE KEYS */;
UNLOCK TABLES;

--
-- Table structure for table `file`
--

DROP TABLE IF EXISTS `file`;
/*!40101 SET @saved_cs_client     = @@character_set_client */;
/*!50503 SET character_set_client = utf8mb4 */;
CREATE TABLE `file` (
  `fileid` char(32) CHARACTER SET utf8 COLLATE utf8_bin NOT NULL,
  `memberid` char(32) CHARACTER SET utf8 COLLATE utf8_bin NOT NULL,
  `name` varchar(40) CHARACTER SET utf8 COLLATE utf8_bin NOT NULL,
  `createtime` varchar(40) CHARACTER SET utf8 COLLATE utf8_bin NOT NULL,
  `create_time` datetime DEFAULT CURRENT_TIMESTAMP,
  PRIMARY KEY (`fileid`)
) ENGINE=InnoDB DEFAULT CHARSET=utf8mb3 COLLATE=utf8_bin COMMENT='紀錄檔案';
/*!40101 SET character_set_client = @saved_cs_client */;

--
-- Dumping data for table `file`
--

LOCK TABLES `file` WRITE;
/*!40000 ALTER TABLE `file` DISABLE KEYS */;
INSERT INTO `file` VALUES ('0f27d2740b1448c1b83018a6ea8eb9e1','609eb996f31c4442b586a3c3430ba53f','827747f9781f424cb84d8763cc743ad9.png','2022-07-04 14:25','2022-07-04 14:25:58'),('14d9e089a1d0497a93e9eb3227a8bf75','609eb996f31c4442b586a3c3430ba53f','9ac5a0364f4d486c9e35cdb08975a22a.png','2022-07-14 16:15','2022-07-14 16:15:37'),('21f875ea9fb44f6f85cfeff877a0191c','ffffff','9c389c95defe4b7ba9032f914acb1ffe.png','2022-05-18 15:02','2022-06-20 09:05:13'),('2ba7ea60f1b94f03acde1470f6898566','354039949d93459ca4f5e3794b3a446b','fe4c94d0ef7041fe8efcf9e796c03bf5.png','2022-05-31 10:05','2022-06-20 09:05:13'),('5a114bbce2654cf6a98114d9ce9e1047','609eb996f31c4442b586a3c3430ba53f','d5655e9c15374ecbb5a6d8cce276a88c.jpg','2022-06-07 09:05','2022-06-20 09:05:13'),('6abed6c5b45e40be85f9bd03b43fa31f','ffffff','90bd76ec78474018a6506906fe4aaa57.png','2022-05-18 15:04','2022-06-20 09:05:13'),('9ca5a270a3ea495f9d73dbfee031a847','ffffff','f30564229f4944a9a037eb1a8eebca98.png','2022-05-18 17:49','2022-06-20 09:05:13'),('9df90ca03f9347d19015f9a17219cbdc','ffffff','9d22ab5c4e084306a2df78263fded4f1.jpg','2022-05-18 17:49','2022-06-20 09:05:13'),('b4eb86af18df4cd696d8d88a02338ece','ffffff','7dc79497883f4291b6d8045badfe541c.jpg','2022-05-18 15:04','2022-06-20 09:05:13'),('c261dd36fd2a4d229d18995761d43d3e','609eb996f31c4442b586a3c3430ba53f','a00841457dfb476a8df9ed3e2213fe2a.jpg','2022-06-07 09:09','2022-06-20 09:05:13'),('c73429bd35224baaba8f7593df43f6b9','609eb996f31c4442b586a3c3430ba53f','109ca41bbcea44b2aef4fe60c8488fd2.png','2022-06-29 10:56','2022-06-29 10:56:10'),('ca3c0ccda08a42e4a1a45a95791d7b9e','609eb996f31c4442b586a3c3430ba53f','fd022242a9c74ee08dd5f5defe669fce.png','2022-06-30 10:15','2022-06-30 10:15:20'),('e9b902a8256c47ef9160fb8493f3e59c','609eb996f31c4442b586a3c3430ba53f','fa1f3a27add14a408abf9b0afde83c53.png','2022-06-28 10:52','2022-06-28 10:52:01');
/*!40000 ALTER TABLE `file` ENABLE KEYS */;
UNLOCK TABLES;

--
-- Table structure for table `member`
--

DROP TABLE IF EXISTS `member`;
/*!40101 SET @saved_cs_client     = @@character_set_client */;
/*!50503 SET character_set_client = utf8mb4 */;
CREATE TABLE `member` (
  `memberid` char(32) CHARACTER SET utf8 COLLATE utf8_bin NOT NULL COMMENT '會員id',
  `integral` int DEFAULT NULL COMMENT '積分',
  `email` varchar(200) CHARACTER SET utf8 COLLATE utf8_bin DEFAULT NULL,
  `name` varchar(100) CHARACTER SET utf8 COLLATE utf8_bin DEFAULT NULL,
  `password` varchar(100) CHARACTER SET utf8 COLLATE utf8_bin DEFAULT NULL,
  `company` varchar(200) CHARACTER SET utf8 COLLATE utf8_bin DEFAULT NULL COMMENT '公司',
  `phone` varchar(100) CHARACTER SET utf8 COLLATE utf8_bin DEFAULT NULL,
  `address` varchar(500) CHARACTER SET utf8 COLLATE utf8_bin DEFAULT NULL COMMENT '地址',
  `birthday` varchar(40) CHARACTER SET utf8 COLLATE utf8_bin DEFAULT NULL COMMENT '生日',
  `createtime` varchar(20) CHARACTER SET utf8 COLLATE utf8_bin NOT NULL COMMENT '創建日',
  `update_time` datetime DEFAULT CURRENT_TIMESTAMP ON UPDATE CURRENT_TIMESTAMP,
  `create_time` datetime DEFAULT CURRENT_TIMESTAMP,
  PRIMARY KEY (`memberid`)
) ENGINE=InnoDB DEFAULT CHARSET=utf8mb3 COLLATE=utf8_bin COMMENT='會員';
/*!40101 SET character_set_client = @saved_cs_client */;

--
-- Dumping data for table `member`
--

LOCK TABLES `member` WRITE;
/*!40000 ALTER TABLE `member` DISABLE KEYS */;
INSERT INTO `member` VALUES ('354039949d93459ca4f5e3794b3a446b',100,'jetecmarketing03@gmail.com','Amber','$2a$10$l/SW9d5LHR7SICT5Yi6wweM2cMEbGULKPTGNJnppGReCZswT/cfgu','','',NULL,NULL,'2022-05-31 10:04','2022-06-24 10:52:44','2022-06-20 09:05:32'),('609eb996f31c4442b586a3c3430ba53f',616,'AAA@AAA.com','AAA','$2a$10$Ed6xccxj7rD6WKglN0ribekKcA1Tiv4cpjVqd5PREzxtK2pd.lUJG','AAA','AAA','BBB','2022 年 06 月 16 日','2022-05-19 16:57','2022-07-14 16:25:13',NULL),('d8e5b2c7fa7247738f8c0cff43f21027',1,'jeter.tony56@gmail.com','灰灰','$2a$10$v7P.oyGKHAqZ6xdjGogcjOQi7QXF0noXmyD8oTaRc9jggyBC8Vk3u','ffffffffffff','+886421111111','','','2022-06-30 09:17','2022-07-13 13:20:41',NULL),('e9c17dfd095c45df99ef3034168fe06c',0,'BBB@AAA.com','BBB','$2a$10$7/E8tT3M1gXr4dV6hjGXauAN.4j3cRoHs.I8l2fnjq.QN.mKFekZ.','AAA','AAA',NULL,NULL,'2022-05-19 17:13','2022-06-20 08:58:18','2022-06-20 09:05:32');
/*!40000 ALTER TABLE `member` ENABLE KEYS */;
UNLOCK TABLES;

--
-- Table structure for table `permit`
--

DROP TABLE IF EXISTS `permit`;
/*!40101 SET @saved_cs_client     = @@character_set_client */;
/*!50503 SET character_set_client = utf8mb4 */;
CREATE TABLE `permit` (
  `permitid` char(32) CHARACTER SET utf8 COLLATE utf8_bin NOT NULL COMMENT '權限id',
  `memberid` char(32) CHARACTER SET utf8 COLLATE utf8_bin NOT NULL COMMENT '外鍵',
  `level` tinyint unsigned NOT NULL COMMENT '權限',
  `update_time` datetime DEFAULT CURRENT_TIMESTAMP ON UPDATE CURRENT_TIMESTAMP,
  `create_time` datetime DEFAULT CURRENT_TIMESTAMP,
  PRIMARY KEY (`permitid`),
  KEY `permit_FK` (`memberid`)
) ENGINE=InnoDB DEFAULT CHARSET=utf8mb3 COLLATE=utf8_bin COMMENT='權限表';
/*!40101 SET character_set_client = @saved_cs_client */;

--
-- Dumping data for table `permit`
--

LOCK TABLES `permit` WRITE;
/*!40000 ALTER TABLE `permit` DISABLE KEYS */;
INSERT INTO `permit` VALUES ('083cd6331ca647d2ac2c9dc4f072af8b','609eb996f31c4442b586a3c3430ba53f',8,'2022-06-27 15:00:17','2022-06-27 15:00:17'),('327fc2cd87b7453d86a7bc27659e17fc','d8e5b2c7fa7247738f8c0cff43f21027',1,'2022-07-05 11:37:06','2022-07-05 11:37:06'),('609eb996f31c4442b586a3c3430ba53f','609eb996f31c4442b586a3c3430ba53f',1,'2022-06-27 14:09:25','2022-06-27 13:12:28'),('6dfc6ca89ad946568c23bf618e5bbe6c','d8e5b2c7fa7247738f8c0cff43f21027',0,'2022-06-30 09:17:42','2022-06-30 09:17:42'),('a239044ef68c41ed8ede0ee8261818b8','609eb996f31c4442b586a3c3430ba53f',2,'2022-06-27 11:09:00','2022-06-27 11:09:00'),('af614b3153424761ac5047be9ec6492c','609eb996f31c4442b586a3c3430ba53f',0,'2022-06-23 15:53:10','2022-06-23 14:11:09'),('dff461c21bac4c4fb13b4e5908820f63','609eb996f31c4442b586a3c3430ba53f',9,'2022-06-27 15:00:18','2022-06-27 15:00:18');
/*!40000 ALTER TABLE `permit` ENABLE KEYS */;
UNLOCK TABLES;

--
-- Table structure for table `persistent_logins`
--

DROP TABLE IF EXISTS `persistent_logins`;
/*!40101 SET @saved_cs_client     = @@character_set_client */;
/*!50503 SET character_set_client = utf8mb4 */;
CREATE TABLE `persistent_logins` (
  `username` varchar(64) CHARACTER SET utf8 COLLATE utf8_bin NOT NULL,
  `series` varchar(64) CHARACTER SET utf8 COLLATE utf8_bin NOT NULL,
  `token` varchar(64) CHARACTER SET utf8 COLLATE utf8_bin NOT NULL,
  `last_used` timestamp NOT NULL DEFAULT CURRENT_TIMESTAMP ON UPDATE CURRENT_TIMESTAMP,
  PRIMARY KEY (`series`)
) ENGINE=InnoDB DEFAULT CHARSET=utf8mb3 COLLATE=utf8_bin;
/*!40101 SET character_set_client = @saved_cs_client */;

--
-- Dumping data for table `persistent_logins`
--

LOCK TABLES `persistent_logins` WRITE;
/*!40000 ALTER TABLE `persistent_logins` DISABLE KEYS */;
INSERT INTO `persistent_logins` VALUES ('AAA@AAA.com','b6SaOFy30a0TI3hdBKj1qw==','6YaHMtgroplXG1mqEUGgVg==','2022-07-14 08:11:03');
/*!40000 ALTER TABLE `persistent_logins` ENABLE KEYS */;
UNLOCK TABLES;

--
-- Table structure for table `watch`
--

DROP TABLE IF EXISTS `watch`;
/*!40101 SET @saved_cs_client     = @@character_set_client */;
/*!50503 SET character_set_client = utf8mb4 */;
CREATE TABLE `watch` (
  `id` bigint unsigned NOT NULL AUTO_INCREMENT,
  `memberid` char(32) CHARACTER SET utf8 COLLATE utf8_bin NOT NULL,
  `articleid` char(32) CHARACTER SET utf8 COLLATE utf8_bin NOT NULL,
  `watchtime` datetime NOT NULL,
  PRIMARY KEY (`id`)
) ENGINE=InnoDB AUTO_INCREMENT=14 DEFAULT CHARSET=utf8mb3 COLLATE=utf8_bin;
/*!40101 SET character_set_client = @saved_cs_client */;

--
-- Dumping data for table `watch`
--

LOCK TABLES `watch` WRITE;
/*!40000 ALTER TABLE `watch` DISABLE KEYS */;
INSERT INTO `watch` VALUES (1,'system','7b537195b5e84509a4d3a1c9b030d535','2022-07-14 15:43:26'),(2,'609eb996f31c4442b586a3c3430ba53f','7b537195b5e84509a4d3a1c9b030d535','2022-07-14 16:27:37'),(3,'system','357ac1b9c1c747139ee68fed3c267478','2022-07-14 16:12:33'),(4,'609eb996f31c4442b586a3c3430ba53f','357ac1b9c1c747139ee68fed3c267478','2022-07-14 16:27:59'),(5,'system','6de3361d1b794c7384cc25393598fbf5','2022-07-14 16:19:50'),(6,'system','f297d5871fbf4eb7bc423dd5b419047e','2022-07-14 16:19:52'),(7,'system','2b53c32e89ce42a8897b336613c2323b','2022-07-14 16:19:56'),(8,'system','0b8b0f7b80fa4411adc2f05bc594e2ce','2022-07-14 16:20:00'),(9,'system','e59d14d29e064708a76a2ef739d9e5cf','2022-07-14 16:20:09'),(10,'609eb996f31c4442b586a3c3430ba53f','0b8b0f7b80fa4411adc2f05bc594e2ce','2022-07-14 16:20:33'),(11,'609eb996f31c4442b586a3c3430ba53f','e59d14d29e064708a76a2ef739d9e5cf','2022-07-14 16:23:23'),(12,'system','917901ef72434d18885c0f011c0e8a9f','2022-07-14 16:25:20'),(13,'609eb996f31c4442b586a3c3430ba53f','f297d5871fbf4eb7bc423dd5b419047e','2022-07-14 16:28:06');
/*!40000 ALTER TABLE `watch` ENABLE KEYS */;
UNLOCK TABLES;

--
-- Dumping routines for database 'topic'
--
/*!40103 SET TIME_ZONE=@OLD_TIME_ZONE */;

/*!40101 SET SQL_MODE=@OLD_SQL_MODE */;
/*!40014 SET FOREIGN_KEY_CHECKS=@OLD_FOREIGN_KEY_CHECKS */;
/*!40014 SET UNIQUE_CHECKS=@OLD_UNIQUE_CHECKS */;
/*!40101 SET CHARACTER_SET_CLIENT=@OLD_CHARACTER_SET_CLIENT */;
/*!40101 SET CHARACTER_SET_RESULTS=@OLD_CHARACTER_SET_RESULTS */;
/*!40101 SET COLLATION_CONNECTION=@OLD_COLLATION_CONNECTION */;
/*!40111 SET SQL_NOTES=@OLD_SQL_NOTES */;

-- Dump completed on 2022-07-14 16:29:28
