-- MySQL dump 10.13  Distrib 8.0.28, for Win64 (x86_64)
--
-- Host: localhost    Database: topic
-- ------------------------------------------------------
-- Server version	8.0.28

/*!40101 SET @OLD_CHARACTER_SET_CLIENT=@@CHARACTER_SET_CLIENT */;
/*!40101 SET @OLD_CHARACTER_SET_RESULTS=@@CHARACTER_SET_RESULTS */;
/*!40101 SET @OLD_COLLATION_CONNECTION=@@COLLATION_CONNECTION */;
/*!50503 SET NAMES utf8mb4 */;
/*!40103 SET @OLD_TIME_ZONE=@@TIME_ZONE */;
/*!40103 SET TIME_ZONE='+00:00' */;
/*!40014 SET @OLD_UNIQUE_CHECKS=@@UNIQUE_CHECKS, UNIQUE_CHECKS=0 */;
/*!40014 SET @OLD_FOREIGN_KEY_CHECKS=@@FOREIGN_KEY_CHECKS, FOREIGN_KEY_CHECKS=0 */;
/*!40101 SET @OLD_SQL_MODE=@@SQL_MODE, SQL_MODE='NO_AUTO_VALUE_ON_ZERO' */;
/*!40111 SET @OLD_SQL_NOTES=@@SQL_NOTES, SQL_NOTES=0 */;

--
-- Table structure for table `advertise`
--

DROP TABLE IF EXISTS `advertise`;
/*!40101 SET @saved_cs_client     = @@character_set_client */;
/*!50503 SET character_set_client = utf8mb4 */;
CREATE TABLE `advertise` (
  `advertiseid` char(32) CHARACTER SET utf8 COLLATE utf8_bin NOT NULL,
  `name` varchar(1000) CHARACTER SET utf8 COLLATE utf8_bin DEFAULT NULL,
  `url` varchar(1000) CHARACTER SET utf8 COLLATE utf8_bin DEFAULT NULL,
  `img` varchar(100) CHARACTER SET utf8 COLLATE utf8_bin DEFAULT NULL,
  `location` char(1) COLLATE utf8_bin DEFAULT NULL,
  `createtime` char(10) CHARACTER SET utf8 COLLATE utf8_bin DEFAULT NULL,
  `create_time` datetime DEFAULT CURRENT_TIMESTAMP,
  PRIMARY KEY (`advertiseid`)
) ENGINE=InnoDB DEFAULT CHARSET=utf8mb3 COLLATE=utf8_bin COMMENT='廣告表';
/*!40101 SET character_set_client = @saved_cs_client */;

--
-- Dumping data for table `advertise`
--

LOCK TABLES `advertise` WRITE;
/*!40000 ALTER TABLE `advertise` DISABLE KEYS */;
INSERT INTO `advertise` VALUES ('0f8e03b729c44d219b13bdaea6e97e58','Join System','https://www.jetec.com.tw/chinese/2020/11/product3-1_JoinSystem.html','be2cae4a915045f3b1c82de1aba94b2e.png','中','2022-06-28','2022-06-28 17:11:11'),('120304ffafa2485594accd10341e39e2','TTM-210','https://www.jetec.com.tw/chinese/product2-1_TTM210.html','52157992cf97483c9bc92c7c2177cb87.png','中','2022-06-30','2022-06-30 10:35:16'),('53d779362eee4b018a2712767e161732','bbb1','bbb1','4261dddadb6c40a3bac90013435bd31a.gif','右','2022-06-28','2022-06-27 17:43:42'),('7df8d27862db4d27ab4da60e1d5401cc','王小虎','https://www.jetec.com.tw/','638958e9bd3d4ca6b6a6ca0e4f18bf87.gif','右','2022-06-28','2022-06-27 17:19:05'),('888cc1870a424ce6b40347504f0f86e9','多功能大型顯示看板','https://www.jetec.com.tw/chinese/product1-1_JTCX40A.html','0a3b673fc4c94962a9c67c1253be718a.png','中','2022-06-28','2022-06-28 17:16:22'),('90995082c066470a8f25b4101271702c','aaa','https://www.jetec.com.tw/Project-touch','a9ce4c17bfcc4335ae7c2353c64d6fca.png','右','2022-06-28','2022-06-27 17:19:15');
/*!40000 ALTER TABLE `advertise` ENABLE KEYS */;
UNLOCK TABLES;

--
-- Table structure for table `article`
--

DROP TABLE IF EXISTS `article`;
/*!40101 SET @saved_cs_client     = @@character_set_client */;
/*!50503 SET character_set_client = utf8mb4 */;
CREATE TABLE `article` (
  `articleid` char(32) CHARACTER SET utf8 COLLATE utf8_bin NOT NULL COMMENT 'id',
  `name` varchar(200) CHARACTER SET utf8 COLLATE utf8_bin NOT NULL COMMENT '主題',
  `state` varchar(10) CHARACTER SET utf8 COLLATE utf8_bin DEFAULT NULL COMMENT '狀態',
  `replytime` varchar(20) CHARACTER SET utf8 COLLATE utf8_bin DEFAULT NULL COMMENT '最後回覆時間',
  `createtime` varchar(20) CHARACTER SET utf8 COLLATE utf8_bin NOT NULL COMMENT '創造時間',
  `memberid` char(32) CHARACTER SET utf8 COLLATE utf8_bin NOT NULL COMMENT '發表人id',
  `articlegroup` varchar(100) CHARACTER SET utf8 COLLATE utf8_bin DEFAULT NULL COMMENT '文章群組',
  `membername` varchar(100) CHARACTER SET utf8 COLLATE utf8_bin NOT NULL COMMENT '發表人名稱',
  `update_time` datetime DEFAULT CURRENT_TIMESTAMP ON UPDATE CURRENT_TIMESTAMP,
  `create_time` datetime DEFAULT CURRENT_TIMESTAMP,
  PRIMARY KEY (`articleid`)
) ENGINE=InnoDB DEFAULT CHARSET=utf8mb3 COLLATE=utf8_bin COMMENT='文章';
/*!40101 SET character_set_client = @saved_cs_client */;

--
-- Dumping data for table `article`
--

LOCK TABLES `article` WRITE;
/*!40000 ALTER TABLE `article` DISABLE KEYS */;
INSERT INTO `article` VALUES ('0399e3b1bdb540b9b140b44649711505','新式溫度貼紙，安全可靠低成本的好選擇','允許','2022-06-08 11:55','2022-06-08 11:55','609eb996f31c4442b586a3c3430ba53f','sensor','AAA','2022-06-20 08:55:43','2022-06-20 09:04:26'),('097c660b9413446caf1fcfbf35585015','桃花庵歌','允許','2022-06-08 11:55','2022-06-07 09:03','609eb996f31c4442b586a3c3430ba53f','sensor','AAA','2022-06-21 08:13:21','2022-06-20 09:04:26'),('0d1a5ec3ea5b4e45bd90cab99d65c87d','梅雨季來襲!久德提供淹水偵測系統，可應用於地下道、河川等水位全方位監測','允許','2022-06-08 11:32','2022-06-08 11:32','609eb996f31c4442b586a3c3430ba53f','sensor','AAA','2022-06-20 08:55:43','2022-06-20 09:04:26'),('11c84240fae84ec98fc1928b4dac4f92','來自芬蘭專家品牌！最好的空氣品質解決方案！','允許','2022-06-20 09:47','2022-06-20 09:47','609eb996f31c4442b586a3c3430ba53f','sensor','AAA','2022-06-20 09:53:38','2022-06-20 09:47:13'),('162a4c5c62b646639af82accdf25527f','服務條款','允許','2022-06-30 10:06','2022-06-30 10:06','609eb996f31c4442b586a3c3430ba53f','application','AAA','2022-06-30 10:07:14','2022-06-30 10:06:18'),('1a9b827752c94e51925d7532b510e35b','臨江仙·夢後樓臺高鎖','允許','2022-06-10 13:44','2022-06-10 13:44','609eb996f31c4442b586a3c3430ba53f','Netcom','AAA','2022-06-20 08:55:43','2022-06-20 09:04:26'),('2222f5521d8a48e8a2b5e5d3c784b4dd','TTT','允許','2022-06-28 13:39','2022-06-28 13:39','609eb996f31c4442b586a3c3430ba53f','sensor','AAA','2022-06-30 14:21:07','2022-06-28 13:39:23'),('22302ed22b7642708a397063ce0f1010','版規','允許','2022-06-30 10:07','2022-06-30 10:07','609eb996f31c4442b586a3c3430ba53f','application','AAA','2022-06-30 10:07:18','2022-06-30 10:07:02'),('2e1044e6235e420594befadc47bd12a9','user1','允許','2022-05-31 10:08','2022-05-31 10:08','354039949d93459ca4f5e3794b3a446b','sensor','Amber','2022-06-20 08:55:43','2022-06-20 09:04:26'),('3ce8062c232f44b5a83d049dd36f224b','熱銷高可靠性壓差計，負壓潔淨室環境應用，現貨供應！！','允許','2022-06-08 11:54','2022-06-08 11:54','609eb996f31c4442b586a3c3430ba53f','sensor','AAA','2022-06-20 08:55:43','2022-06-20 09:04:26'),('3e6f0a13b61d40cbb51236d97f9d83a8','test','允許','2022-06-07 09:10','2022-06-07 09:10','609eb996f31c4442b586a3c3430ba53f','apparatus','AAA','2022-06-20 08:55:43','2022-06-20 09:04:26'),('53c8cf47102b4971b74277aafbead56c','沁園春•雪','封鎖','2022-06-15 15:43','2022-06-15 15:43','609eb996f31c4442b586a3c3430ba53f','sensor','AAA','2022-06-21 16:20:29','2022-06-20 09:04:26'),('6114b815c4e846258d11597edac12cc5','AAAAAAAAAA','允許','2022-06-21 08:38','2022-06-21 08:38','609eb996f31c4442b586a3c3430ba53f','software','AAA','2022-06-23 16:51:42','2022-06-21 08:38:33'),('686fcd5c91aa4f11b9f8cd37ea4888f1','一機掌握完整室內環境狀態，無線藍牙傳輸，無須複雜佈線，部屬迅速操作便捷','未驗證','2022-06-20 09:55','2022-06-20 09:55','609eb996f31c4442b586a3c3430ba53f','sensor','AAA','2022-06-20 09:55:26','2022-06-20 09:55:26'),('71ab7645b3f74ee0b3c81c3508ead9ff','BBBBB','未驗證','2022-06-28 11:24','2022-06-28 11:24','609eb996f31c4442b586a3c3430ba53f','software','AAA','2022-06-28 11:24:23','2022-06-28 11:24:23'),('aa2228346ef744a28f8853fd3b3bae6c','起風了','允許','2022-06-27 10:14','2022-06-27 10:14','609eb996f31c4442b586a3c3430ba53f','application','AAA','2022-06-27 10:19:40','2022-06-27 10:14:29'),('d2ce74b02e3942baa02808a69d624b01','fffffffffffffffffff','封鎖','2022-06-28 10:52','2022-06-28 10:52','609eb996f31c4442b586a3c3430ba53f','apparatus','AAA','2022-06-28 10:52:42','2022-06-28 10:52:05'),('d4abbd7bafd449b78f57832058f8d9ce','灰灰','未驗證','2022-07-01 15:20','2022-07-01 15:20','609eb996f31c4442b586a3c3430ba53f','sensor','AAA','2022-07-01 15:20:29','2022-07-01 15:20:29'),('de48e8df6ace4cb18a848cb1c3f1b536','因應工程工地法規，高性價比、高亮度的多合一指數顯示看板','允許','2022-06-08 11:54','2022-06-08 11:54','609eb996f31c4442b586a3c3430ba53f','sensor','AAA','2022-06-20 08:55:43','2022-06-20 09:04:26');
/*!40000 ALTER TABLE `article` ENABLE KEYS */;
UNLOCK TABLES;

--
-- Table structure for table `article_content`
--

DROP TABLE IF EXISTS `article_content`;
/*!40101 SET @saved_cs_client     = @@character_set_client */;
/*!50503 SET character_set_client = utf8mb4 */;
CREATE TABLE `article_content` (
  `articleid` char(32) NOT NULL,
  `content` longtext NOT NULL,
  PRIMARY KEY (`articleid`)
) ENGINE=InnoDB DEFAULT CHARSET=utf8mb4 COLLATE=utf8mb4_0900_ai_ci;
/*!40101 SET character_set_client = @saved_cs_client */;

--
-- Dumping data for table `article_content`
--

LOCK TABLES `article_content` WRITE;
/*!40000 ALTER TABLE `article_content` DISABLE KEYS */;
INSERT INTO `article_content` VALUES ('0399e3b1bdb540b9b140b44649711505','<p style=\"box-sizing: border-box; margin: 0px; color: #404d60; font-family: Montserrat, sans-serif; font-size: 14px; background-color: #ffffff;\"><a style=\"box-sizing: border-box; -webkit-tap-highlight-color: transparent; color: #404d60;\" href=\"https://www.jetec.com.tw/chinese/product2-1_T.html\" target=\"_blank\" rel=\"noopener\"><img style=\"box-sizing: border-box; max-width: 100%; display: inline-block; vertical-align: middle;\" src=\"https://www.jetec.com.tw/sites/default/files/2022-05/Tseries07.png\" alt=\"T-Series 不可逆性-溫度貼紙 廠房應用實例 電力分配系統 外部水塔 用以檢測生產環境 室內外幫浦馬達 高溫蒸氣管路 結露偵測設備\" /></a></p>\r\n<p style=\"box-sizing: border-box; margin: 10px 0px 0px; color: #404d60; font-family: Montserrat, sans-serif; font-size: 14px; background-color: #ffffff;\">&nbsp;</p>\r\n<center style=\"box-sizing: border-box; color: #404d60; font-family: Montserrat, sans-serif; background-color: #ffffff; font-size: 16px;\"><a style=\"box-sizing: border-box; -webkit-tap-highlight-color: transparent; color: #404d60;\" href=\"https://www.jetec.com.tw/Contact-us\" target=\"_blank\" rel=\"nofollow noopener\">※洽詢T-Series不可逆性-溫度貼紙,請聯絡我們 電話04-23729418 Email：sales@jetec.com.tw</a></center>'),('0582f629b08f48a29ee74660b38e8987','<p>網管測試網管測試網管測試 網管測試網管測試網管測試 網管測試網管測試網管測試</p>'),('097c660b9413446caf1fcfbf35585015','<p class=\"sub\" style=\"padding: 0px; margin: 3px; color: #0f0f0f; line-height: 21px; font-family: &Euml;&Icirc;&Igrave;&aring;, Arial, Helvetica; font-size: 14px;\"><span style=\"line-height: 16px; color: #606060;\">朝代：</span><span style=\"line-height: 16px; color: #606060;\">明代</span></p>\r\n<p class=\"sub\" style=\"padding: 0px; margin: 3px; color: #0f0f0f; line-height: 21px; font-family: &Euml;&Icirc;&Igrave;&aring;, Arial, Helvetica; font-size: 14px;\"><span style=\"line-height: 16px; color: #606060;\">作者：</span><span style=\"line-height: 16px; color: #606060;\"><a style=\"color: #762a00; text-decoration-line: none; line-height: 16px;\" title=\"唐寅簡介\" href=\"https://fanti.dugushici.com/ancient_authors/532\">唐寅</a></span></p>\r\n<p class=\"sub\" style=\"padding: 0px; margin: 3px; color: #0f0f0f; line-height: 21px; font-family: &Euml;&Icirc;&Igrave;&aring;, Arial, Helvetica; font-size: 14px;\"><span style=\"line-height: 16px; color: #606060;\">原文：</span></p>\r\n<div class=\"content\" style=\"padding: 0px; margin: 0px; color: #0f0f0f; font-family: &Euml;&Icirc;&Igrave;&aring;, Arial, Helvetica; font-size: 14px;\">桃花塢裏桃花庵，桃花庵下桃花仙。<br />桃花仙人種桃樹，又折花枝當酒錢。<br />酒醒只在花前坐，酒醉還須花下眠。<br />花前花後日復日，酒醉酒醒年復年。<br />不願鞠躬車馬前，但願老死花酒間。<br />車塵馬足貴者趣，酒盞花枝貧者緣。<br />若將富貴比貧賤，一在平地一在天。<br />若將貧賤比車馬，他得驅馳我得閒。<br />世人笑我忒瘋癲，我笑世人看不穿。<br />記得五陵豪傑墓，無酒無花鋤作田。</div>\r\n<div class=\"content\" style=\"padding: 0px; margin: 0px; color: #0f0f0f; font-family: &Euml;&Icirc;&Igrave;&aring;, Arial, Helvetica; font-size: 14px;\">=================================================================================================================</div>\r\n<div class=\"content\" style=\"padding: 0px; margin: 0px; color: #0f0f0f; font-family: &Euml;&Icirc;&Igrave;&aring;, Arial, Helvetica; font-size: 14px;\">\r\n<table>\r\n<tbody>\r\n<tr>\r\n<td style=\"padding: 0px 10px 0px 0px; margin: 0px; vertical-align: top;\"><img class=\"attachment ancient_author avatar\" style=\"border: none;\" title=\"唐寅\" src=\"https://fanti.dugushici.com/92427b72009e3aaa241c32b78e0f81f0b289c806/store/8db54b396e10895a3a3521c381ec92689623e3a4d5aece6f5c8bb9350d53/avatar\" alt=\"唐寅\" width=\"105\" height=\"150\" /></td>\r\n<td style=\"padding: 0px; margin: 0px;\"><span style=\"line-height: 16px;\">&nbsp;&nbsp;&nbsp;&nbsp;唐寅（1470&mdash;1523），字伯虎，一字子畏，號六如居士、桃花庵主、魯國唐生、逃禪仙吏等，漢族，南直隸蘇州吳縣人。明代著名畫家、文學家。據傳他於明憲宗成化六年庚寅年寅月寅日寅時生。他玩世不恭而又才氣橫溢，詩文擅名，與祝允明、文徵明、徐禎卿並稱&ldquo;江南四大才子（吳門四才子）&rdquo;，畫名更著，與沈周、文徵明、仇英並稱&ldquo;吳門四家&rdquo;。</span></td>\r\n</tr>\r\n</tbody>\r\n</table>\r\n</div>'),('0d1a5ec3ea5b4e45bd90cab99d65c87d','<p style=\"box-sizing: border-box; margin: 0px; color: #404d60; font-family: Montserrat, sans-serif; font-size: 14px; background-color: #ffffff;\"><a style=\"box-sizing: border-box; -webkit-tap-highlight-color: transparent; color: #404d60;\" href=\"https://www.jetec.com.tw/LevelConnect\" target=\"_blank\" rel=\"noopener\"><img style=\"box-sizing: border-box; max-width: 100%; display: inline-block; vertical-align: middle;\" src=\"https://www.jetec.com.tw/sites/default/files/2022-06/flood01.png\" alt=\"台灣正式進入梅雨旺盛季，雖帶來豐沛的雨量，但容易造成部份道路、地下道、停車場等區域出現多處積水、淹水的災情，過量的雨水匯入河渠中，甚至可能會造成水位暴漲，導致更嚴重的災情發生。久德雲端淹水偵測系統，可即時偵測當下數值，並透過後端裝置進行監看，且提供警報功能，及時針對突發狀況去做應變處理，使災害降至最低。 \" /></a></p>\r\n<p style=\"box-sizing: border-box; margin: 10px 0px 0px; color: #404d60; font-family: Montserrat, sans-serif; font-size: 14px; background-color: #ffffff;\"><a style=\"box-sizing: border-box; -webkit-tap-highlight-color: transparent; color: #404d60;\" href=\"https://www.jetec.com.tw/chinese/product1-3_JTK620.html\" target=\"_blank\" rel=\"noopener\"><img style=\"box-sizing: border-box; max-width: 100%; display: inline-block; vertical-align: middle;\" src=\"https://www.jetec.com.tw/sites/default/files/2022-06/flood02.png\" alt=\"JTK-620 沉水式液位計\" /></a></p>\r\n<p style=\"box-sizing: border-box; margin: 10px 0px 0px; color: #404d60; font-family: Montserrat, sans-serif; font-size: 14px; background-color: #ffffff;\"><a style=\"box-sizing: border-box; -webkit-tap-highlight-color: transparent; color: #404d60;\" href=\"https://www.jetec.com.tw/Non-contactMeasurement\" target=\"_blank\" rel=\"noopener\"><img style=\"box-sizing: border-box; max-width: 100%; display: inline-block; vertical-align: middle;\" src=\"https://www.jetec.com.tw/sites/default/files/2022-06/flood03.png\" alt=\"河川水位應用,確保施工順利保護工人安全,希望上游設置河川水位偵測系統,於水位上漲時提前發出警報通知\" /></a></p>\r\n<p style=\"box-sizing: border-box; margin: 10px 0px 0px; color: #404d60; font-family: Montserrat, sans-serif; font-size: 14px; background-color: #ffffff;\"><a style=\"box-sizing: border-box; -webkit-tap-highlight-color: transparent; color: #404d60;\" href=\"https://www.jetec.com.tw/Non-contactMeasurement\" target=\"_blank\" rel=\"noopener\"><img style=\"box-sizing: border-box; max-width: 100%; display: inline-block; vertical-align: middle;\" src=\"https://www.jetec.com.tw/sites/default/files/2022-06/flood04.png\" alt=\"測量介質:汙水稠狀液體,IP68防護等級,LED燈號與螢幕顯示直觀判斷液為變化\" /></a></p>\r\n<p style=\"box-sizing: border-box; margin: 10px 0px 0px; color: #404d60; font-family: Montserrat, sans-serif; font-size: 14px; background-color: #ffffff;\"><a style=\"box-sizing: border-box; -webkit-tap-highlight-color: transparent; color: #404d60;\" href=\"https://www.jetec.com.tw/LeakageDetector\" target=\"_blank\" rel=\"noopener\"><img style=\"box-sizing: border-box; max-width: 100%; display: inline-block; vertical-align: middle;\" src=\"https://www.jetec.com.tw/sites/default/files/2022-06/flood05.png\" alt=\"太陽能供電系統,太陽能板及太陽能蓄電池提供相關設備供電應用\" /></a></p>\r\n<p style=\"box-sizing: border-box; margin: 10px 0px 0px; color: #404d60; font-family: Montserrat, sans-serif; font-size: 14px; background-color: #ffffff;\"><a style=\"box-sizing: border-box; -webkit-tap-highlight-color: transparent; color: #404d60;\" href=\"https://www.jetec.com.tw/LeakageDetector\" target=\"_blank\" rel=\"noopener\"><img style=\"box-sizing: border-box; max-width: 100%; display: inline-block; vertical-align: middle;\" src=\"https://www.jetec.com.tw/sites/default/files/2022-06/flood06.png\" alt=\"更多靈活應用,廠區內常有腐蝕性/化學液體介質傳輸的需求,為防止洩漏而不自知,危險積液而導致意外發生,安裝漏液檢知器,及時撿測漏液狀況,大幅降低危害風險\" /></a></p>\r\n<p style=\"box-sizing: border-box; margin: 10px 0px 0px; color: #404d60; font-family: Montserrat, sans-serif; font-size: 14px; background-color: #ffffff;\">&nbsp;</p>\r\n<center style=\"box-sizing: border-box; color: #404d60; font-family: Montserrat, sans-serif; background-color: #ffffff; font-size: 16px;\"><a style=\"box-sizing: border-box; -webkit-tap-highlight-color: transparent; color: #404d60;\" href=\"https://www.jetec.com.tw/Contact-us\" target=\"_blank\" rel=\"nofollow noopener\">※洽詢淹水偵測系統,請聯絡我們 電話04-23729418 Email：sales@jetec.com.tw</a></center>'),('0e0e903f56f04d568e641d0a5e1e4ad1','<p>網管測試網管測試網管測試 網管測試網管測試網管測試 網管測試網管測試網管測試</p>'),('11c84240fae84ec98fc1928b4dac4f92','<p style=\"box-sizing: border-box; margin: 0px; color: #404d60; font-family: Montserrat, sans-serif; font-size: 14px; background-color: #ffffff;\"><a style=\"box-sizing: border-box; -webkit-tap-highlight-color: transparent; color: #404d60;\" href=\"https://www.jetec.com.tw/news/20220613\" target=\"_blank\" rel=\"noopener\"><img style=\"box-sizing: border-box; max-width: 100%; display: inline-block; vertical-align: middle;\" src=\"https://www.jetec.com.tw/sites/default/files/2022-06/HK1.png\" alt=\"暖通空調(HVAC) 建築自動化 解決方案 人們將近 90% 的時間都在室內度過，保持健康的空氣是生活的先決條件之一，良好的室內空氣狀態除了能保持健康、能量水平外，對於工業產線上的產能也有良好的提升，維持無塵室或負壓病房中的良好空氣，更可節省醫療保健和建築維護的成本。\" /></a></p>\r\n<p style=\"box-sizing: border-box; margin: 10px 0px 0px; color: #404d60; font-family: Montserrat, sans-serif; font-size: 14px; background-color: #ffffff;\"><a style=\"box-sizing: border-box; -webkit-tap-highlight-color: transparent; color: #404d60;\" href=\"https://www.jetec.com.tw/news/%E6%93%81%E6%9C%89%E8%B6%85%E9%81%8E30%E5%B9%B4%E7%9A%84%E9%A0%98%E5%9F%9F%E7%B6%93%E9%A9%97%EF%BC%8C%E6%8F%90%E4%BE%9B%E5%84%AA%E8%89%AF%E5%AE%A4%E5%85%A7%E7%A9%BA%E5%93%81%E8%88%87%E6%8F%90%E5%8D%87%E5%BB%BA%E7%AF%89%E7%89%A9%E4%B9%8B%E8%88%92%E9%81%A9%E6%80%A7%E7%9A%84%E8%A7%A3%E6%B1%BA%E6%96%B9%E6%A1%88%EF%BC%8C%E4%B8%A6%E5%AE%8C%E5%96%84%E9%81%94%E6%88%90%E5%81%A5%E5%BA%B7%E5%92%8C%E7%AF%80%E8%83%BD%E5%85%A9%E5%A4%A7%E7%9B%AE%E6%A8%99%EF%BC%8C%E6%B8%AC%E9%87%8F%E7%94%A2%E5%93%81%E9%AB%98%E5%BA%A6%E7%B2%BE%E7%A2%BA%E4%B8%94%E6%98%93%E6%96%BC%E4%BD%BF%E7%94%A8,%E4%B8%BB%E8%A6%81%E7%94%A8%E6%96%BC%E9%80%9A%E9%A2%A8%E5%92%8C%E6%A8%93%E5%AE%87%E8%87%AA%E5%8B%95%E5%8C%96%E7%B3%BB%E7%B5%B1%E4%B8%AD%E7%9A%84HVAC%E6%87%89%E7%94%A8\" target=\"_blank\" rel=\"noopener\"><img style=\"box-sizing: border-box; max-width: 100%; display: inline-block; vertical-align: middle;\" src=\"https://www.jetec.com.tw/sites/default/files/2022-06/HK2.png\" alt=\" \" /></a></p>'),('162a4c5c62b646639af82accdf25527f','<p>認知與接受條款</p>\r\n<p>「久德電子有限公司」係依據本服務條款提供「久德討論版」服務。當您使用「久德討論版」時，即表示您已閱讀、瞭解並同意接受本約定書之所有內容。「久德電子有限公司」有權於任何時間修改或變更本約定書之內容，建議您隨時注意該等修改或變更。您於任何修改或變更後繼續使用「久德討論版」，視為您已閱讀、瞭解並同意接受該等修改或變更。</p>\r\n<p>&nbsp;</p>\r\n<p>若您為未滿十八歲，除應符合上述規定外，並應於您的家長（或監護人）閱讀、瞭解並同意本約定書之所有內容及其後修改變更後，方得使用或繼續使用「久德討論版」。當您使用或繼續使用「久德討論版」時，即表示您的家長（或監護人）已閱讀、瞭解並同意接受本約定書之所有內容及其後修改變更。</p>\r\n<p>您的註冊義務</p>\r\n<p>為了能使用本服務，您同意以下事項：</p>\r\n<p>依本服務註冊表之提示提供您本人正確、最新及完整的資料。</p>\r\n<p>維持並更新您個人資料，確保其為正確、最新及完整。若您提供任何錯誤或不實的資料，「久德電子有限公司」有權暫停或終止您的帳號，並拒絕您使用本服務之全部或一部。</p>\r\n<p>會員帳號、密碼及安全</p>\r\n<p>完成本服務的登記程序之後，您將收到一個密碼及帳號。維持密碼及帳號及身份的機密安全，是您的責任。 利用該密碼及帳號及身份所進行的一切行動，您將負完全的責任。您並同意以下事項：</p>\r\n<p>您的密碼或帳號遭到盜用或有其他任何安全問題發生時，您將立即通知「久德電子有限公司」。</p>\r\n<p>每次連線完畢，均結束您的帳號使用。</p>\r\n<p>您承諾絕不為任何非法目的或以任何非法方式使用此「久德討論版」，並承諾遵守中華民國相關法規及一切使用網際網路之國際慣例。 您若係中華民國以外之使用者，並同意遵守所屬國家或地域之法令。您同意並保證不得利用本服務從事侵害他人權益或違法之行為，包括但不限於：</p>\r\n<p>公布或傳送任何誹謗、侮辱、具威脅性、攻擊性、不雅、猥褻、不實、違反公共秩序或善良風俗或其他不法之文字、圖片或任何形式的檔案</p>\r\n<p>侵害他人名譽、隱私權、營業秘密、商標權、著作權、專利權、其他智慧財產權及其他權利</p>\r\n<p>違反依法律或契約所應負之保密義務</p>\r\n<p>冒用他人名義使用本服務</p>\r\n<p>傳輸或散佈電腦病毒</p>\r\n<p>濫發廣告郵件</p>\r\n<p>其他「久德電子有限公司」有正當理由認為不適當之行為得依實際執行情形，增加、修改或終止相關活動，並選擇最適方式告知會員。</p>\r\n<p>發生下列情形之一時，「久德電子有限公司」有權可以停止、中斷提供服務</p>\r\n<p>「久德電子有限公司」網站電子通信設備進行必要之保養及施工時發生突發性之電子通信設備故障時</p>\r\n<p>「久德電子有限公司」網站申請之電子通信服務被停止，無法提供服務時</p>\r\n<p>由於天災等不可抗力之因素致使「久德電子有限公司」網站無法提供服務時</p>\r\n<p>廣告</p>\r\n<p>您在「久德討論版」上瀏覽到的所有廣告內容、文字與圖片之說明、展示樣品或其他銷售資訊，均由各該廣告商、產品與服務的供應商所設計與提出。您對於廣告之正確性與可信度應自行斟酌與判斷。「久德電子有限公司」僅接受委託予以刊登，不對前述廣告負擔保責任。</p>\r\n<p>智慧財產權的保護</p>\r\n<p>「久德討論版」所使用之軟體或程式、網站上所有內容，包括但不限於著作、圖片、檔案、資訊、資料、網站架構、網站畫面的安排、網頁設計， 均由「久德電子有限公司」或其他權利人依法擁有其智慧財產權，包括但不限於商標權、專利權、著作權、營業秘密與專有技術等。任何人不得逕自使用、 修改、重製、公開播送、改作、散布、發行、公開發表、進行還原工程、解編或反向組譯。若您欲引用或轉載前述軟體、程式或網站內容， 必須依法取得「久德電子有限公司」或其他權利人的事前書面同意。尊重智慧財產權是您應盡的義務，如有違反，您應對「久德電子有限公司」負損害賠償責任 （包括但不限於訴訟費用及律師費用等）。</p>\r\n<p>您對「久德電子有限公司」之授權</p>\r\n<p>會員同意授權「久德電子有限公司」，得為提供服務及贈獎之目的，提供必需之會員資料給合作夥伴(第三者)做約定範圍內之妥善使用，倘若會員不同意將其資料列於合作夥伴(第三者)產品或服務名單內，可以通知「久德電子有限公司」，於名單中刪除其資料，同時放棄其「久德討論版」中的優惠或獲獎權利。</p>\r\n<p>&nbsp;</p>\r\n<p>對於會員所登錄或留存之個人資料，會員同意「久德討論版」網站得於合理之範圍內蒐集、處理、保存、傳遞及使用該等資料，以提供使用者其他資訊或服務、或作成會員統計資料、或進行關於網路行為之調查或研究，或為任何之合法使用。</p>\r\n<p>&nbsp;</p>\r\n<p>若您無合法權利得授權他人使用、修改、重製、公開播送、改作、散布、發行、公開發表某資料，並將前述權利轉授權第三人，請勿擅自將該資料上載、傳送、輸入或提供至「久德討論版」。任何資料一經您上載、傳送、輸入或提供至「久德討論版」時，視為您已允許「久德討論版」無條件使用、修改、重製、公開播送、改作、散布、發行、公開發表該等資料，並得將前述權利轉授權他人，您對此絕無異議。您並應保證「久德討論版」使用、修改、重製、公開播送、改作、散布、發行、公開發表、轉授權該等資料，不致侵害任何第三人之智慧財產權，否則應對「久德電子有限公司」負損害賠償責任（包括但不限於訴訟費用及律師費用等）。</p>\r\n<p>拒絕或終止您的使用</p>\r\n<p>您同意「久德電子有限公司」得基於維護交易安全之考量，因任何理由，包含但不限於缺乏使用，或違反本服務條款的明文規定及精神，終止您的密碼、帳號（或其任何部分）或本服務之使用，並將本服務內任何「會員內容」加以移除並刪除，亦得已通知之情形下，隨時終止本服務或任何部分。此外，您同意若本服務之使用被終止，「久德電子有限公司」對您或任何第三人均不承擔責任。</p>\r\n<p>準據法與管轄法院</p>\r\n<p>本約定書之解釋與適用，以及與本約定書有關的爭議，均應依照中華民國法律予以處理。</p>'),('1a9b827752c94e51925d7532b510e35b','<div class=\"section1\" style=\"padding: 0px; margin: 0px 0px 5px -1px; color: #606060; clear: both; line-height: 34px; font-size: 24px; font-family: &Euml;&Icirc;&Igrave;&aring;, Arial, Helvetica;\">\r\n<h1 style=\"padding: 0px; margin: 0px; color: #0f0f0f; font-size: 24px;\"><span style=\"font-size: 36pt;\">臨江仙&middot;夢後樓臺高鎖</span></h1>\r\n</div>\r\n<div class=\"section2\" style=\"padding: 0px; margin: 10px 0px 0px; color: #0f0f0f; clear: both; overflow: auto; font-size: 14px; line-height: 28px; font-family: &Euml;&Icirc;&Igrave;&aring;, Arial, Helvetica;\">\r\n<p class=\"sub\" style=\"padding: 0px; margin: 3px; line-height: 1.5;\"><span style=\"font-size: 18pt;\"><span style=\"line-height: 16px; color: #606060;\">朝代：</span><span style=\"line-height: 16px; color: #606060;\">宋代</span></span></p>\r\n<p class=\"sub\" style=\"padding: 0px; margin: 3px; line-height: 1.5;\"><span style=\"font-size: 18pt;\"><span style=\"line-height: 16px; color: #606060;\">作者：</span><span style=\"line-height: 16px; color: #606060;\"><a style=\"color: #762a00; text-decoration-line: none; line-height: 16px;\" title=\"晏幾道簡介\" href=\"https://fanti.dugushici.com/ancient_authors/588\">晏幾道</a></span></span></p>\r\n<p class=\"sub\" style=\"padding: 0px; margin: 3px; line-height: 1.5;\"><span style=\"line-height: 16px; color: #606060; font-size: 18pt;\">原文：</span></p>\r\n<div class=\"content\" style=\"padding: 0px; margin: 0px; line-height: 1.5;\"><span style=\"font-size: 18pt;\">夢後樓臺高鎖，酒醒簾幕低垂。去年春恨卻來時。落花人獨立，微雨燕雙飛。</span><br /><span style=\"font-size: 18pt;\">記得小蘋初見，兩重心字羅衣。琵琶弦上說相思。當時明月在，曾照彩雲歸。</span></div>\r\n</div>'),('2222f5521d8a48e8a2b5e5d3c784b4dd','<p>TTTA🙂</p>\r\n<p>AAAAA</p>\r\n<p>BBBBB</p>\r\n<p>CCCCC</p>'),('22302ed22b7642708a397063ce0f1010','<p>久德電子討論區規則，並同時適用於會員名稱、會員個人頭像、會員個人簽名檔及私人訊息</p>\r\n<p>本站對會員發布的文字、圖片或檔案保有片面修改或移除的權利。當會員使用本網站服務時，代表會員已經詳細閱讀並完全了解，並同意配合下述規定：</p>\r\n<p>1. 請勿一文多貼或是大意內容相同/類似的文章重覆刊登。</p>\r\n<p>2. 請勿在久德電子討論區公開 您的個人Line ID、電子信箱、聯絡電話...等任何可能被搜尋到的個人資訊。</p>\r\n<p>3. 發表及回應文章，請不要文不對題，故意離題或語意不明，選字要正確。</p>\r\n<p>4. 除久德電子外，任何人不得發起團購與問卷調查行為，包括公開發表文章與使用私人訊息。</p>\r\n<p>5. 尊重智慧財產權，嚴禁發文要求提供或討論破解軟體、註冊碼、音樂、影片、軟體複製...等文章。</p>\r\n<p>6. 發言涉及攻擊、侮辱、影射或其他有違社會善良風俗、社會正義、國家安全、政府法令之內容，文章會進行處理。</p>\r\n<p>7. 請勿以發文、回文、私人訊息或簽名檔等方式，進行商業廣告、騷擾網友...等違反版規行為。</p>\r\n<p>8. 除了久德電子或指定廣告版面外，請勿在討論區發表商業性質廣告或是為特定網站宣傳。</p>\r\n<p>9. 發表抱怨文章或維修相關文章未附實體照片或維修單據，文章會進行處理。</p>'),('27377e2cffd24dfc80e867884aaba4f9','<div class=\"l-heading\" style=\"box-sizing: border-box; color: #222222; font-family: Arial, \'Microsoft JhengHei\', Helvetica, sans-serif; font-size: 16px; background-color: #ffffff;\">\r\n<div class=\"l-heading__title\" style=\"box-sizing: border-box;\">個人資料保護法</div>\r\n</div>\r\n<div class=\"l-heading\" style=\"box-sizing: border-box;\">\r\n<div class=\"l-heading__title\" style=\"box-sizing: border-box;\">第 一 章 總則</div>\r\n</div>\r\n<ul class=\"c-panel\" style=\"box-sizing: border-box; padding-left: 2rem; margin-top: 0px; margin-bottom: 1rem; color: #222222; font-family: Arial, \'Microsoft JhengHei\', Helvetica, sans-serif; font-size: 16px; background-color: #ffffff;\">\r\n<ul class=\"c-panel\" style=\"box-sizing: border-box; padding-left: 2rem; margin-top: 0px; margin-bottom: 1rem; color: #222222; font-family: Arial, \'Microsoft JhengHei\', Helvetica, sans-serif; font-size: 16px; background-color: #ffffff;\">\r\n<li style=\"box-sizing: border-box;\">\r\n<div class=\"l-heading\" style=\"box-sizing: border-box;\">\r\n<div class=\"l-heading__title\" style=\"box-sizing: border-box;\">第 1 條</div>\r\n</div>\r\n<div class=\"c-panel_content\" style=\"box-sizing: border-box;\">為規範個人資料之蒐集、處理及利用，以避免人格權受侵害，並促進個人 資料之合理利用，特制定本法。</div>\r\n</li>\r\n<li class=\"l-memberIntro__record\" style=\"box-sizing: border-box;\">\r\n<div class=\"l-heading\" style=\"box-sizing: border-box;\">\r\n<div class=\"l-heading__title\" style=\"box-sizing: border-box;\">第 2 條</div>\r\n</div>\r\n<div class=\"c-panel_content\" style=\"box-sizing: border-box;\">本法用詞，定義如下：<br style=\"box-sizing: border-box;\" />一、個人資料：指自然人之姓名、出生年月日、國民身分證統一編號、護 照號碼、特徵、指紋、婚姻、家庭、教育、職業、病歷、醫療、基因 、性生活、健康檢查、犯罪前科、聯絡方式、財務情況、社會活動及 其他得以直接或間接方式識別該個人之資料。<br style=\"box-sizing: border-box;\" />二、個人資料檔案：指依系統建立而得以自動化機器或其他非自動化方式 檢索、整理之個人資料之集合。<br style=\"box-sizing: border-box;\" />三、蒐集：指以任何方式取得個人資料。<br style=\"box-sizing: border-box;\" />四、處理：指為建立或利用個人資料檔案所為資料之記錄、輸入、儲存、 編輯、更正、複製、檢索、刪除、輸出、連結或內部傳送。<br style=\"box-sizing: border-box;\" />五、利用：指將蒐集之個人資料為處理以外之使用。<br style=\"box-sizing: border-box;\" />六、國際傳輸：指將個人資料作跨國（境）之處理或利用。<br style=\"box-sizing: border-box;\" />七、公務機關：指依法行使公權力之中央或地方機關或行政法人。<br style=\"box-sizing: border-box;\" />八、非公務機關：指前款以外之自然人、法人或其他團體。<br style=\"box-sizing: border-box;\" />九、當事人：指個人資料之本人。</div>\r\n</li>\r\n<li class=\"l-memberIntro__record\" style=\"box-sizing: border-box;\">\r\n<div class=\"l-heading\" style=\"box-sizing: border-box;\">\r\n<div class=\"l-heading__title\" style=\"box-sizing: border-box;\">第 3 條</div>\r\n</div>\r\n<div class=\"c-panel_content\" style=\"box-sizing: border-box;\">當事人就其個人資料依本法規定行使之下列權利，不得預先拋棄或以特約 限制之：<br style=\"box-sizing: border-box;\" />一、查詢或請求閱覽。<br style=\"box-sizing: border-box;\" />二、請求製給複製本。<br style=\"box-sizing: border-box;\" />三、請求補充或更正。<br style=\"box-sizing: border-box;\" />四、請求停止蒐集、處理或利用。<br style=\"box-sizing: border-box;\" />五、請求刪除。</div>\r\n</li>\r\n<li class=\"l-memberIntro__record\" style=\"box-sizing: border-box;\">\r\n<div class=\"l-heading\" style=\"box-sizing: border-box;\">\r\n<div class=\"l-heading__title\" style=\"box-sizing: border-box;\">第 4 條</div>\r\n</div>\r\n<div class=\"c-panel_content\" style=\"box-sizing: border-box;\">受公務機關或非公務機關委託蒐集、處理或利用個人資料者，於本法適用 範圍內，視同委託機關。</div>\r\n</li>\r\n<li class=\"l-memberIntro__record\" style=\"box-sizing: border-box;\">\r\n<div class=\"l-heading\" style=\"box-sizing: border-box;\">\r\n<div class=\"l-heading__title\" style=\"box-sizing: border-box;\">第 5 條</div>\r\n</div>\r\n<div class=\"c-panel_content\" style=\"box-sizing: border-box;\">個人資料之蒐集、處理或利用，應尊重當事人之權益，依誠實及信用方法 為之，不得逾越特定目的之必要範圍，並應與蒐集之目的具有正當合理之 關聯。</div>\r\n</li>\r\n<li class=\"l-memberIntro__record\" style=\"box-sizing: border-box;\">\r\n<div class=\"l-heading\" style=\"box-sizing: border-box;\">\r\n<div class=\"l-heading__title\" style=\"box-sizing: border-box;\">第 6 條</div>\r\n</div>\r\n<div class=\"c-panel_content\" style=\"box-sizing: border-box;\">有關病歷、醫療、基因、性生活、健康檢查及犯罪前科之個人資料，不得 蒐集、處理或利用。但有下列情形之一者，不在此限：<br style=\"box-sizing: border-box;\" />一、法律明文規定。<br style=\"box-sizing: border-box;\" />二、公務機關執行法定職務或非公務機關履行法定義務必要範圍內，且事 前或事後有適當安全維護措施。<br style=\"box-sizing: border-box;\" />三、當事人自行公開或其他已合法公開之個人資料。<br style=\"box-sizing: border-box;\" />四、公務機關或學術研究機構基於醫療、衛生或犯罪預防之目的，為統計 或學術研究而有必要，且資料經過提供者處理後或經蒐集者依其揭露 方式無從識別特定之當事人。<br style=\"box-sizing: border-box;\" />五、為協助公務機關執行法定職務或非公務機關履行法定義務必要範圍內 ，且事前或事後有適當安全維護措施。<br style=\"box-sizing: border-box;\" />六、經當事人書面同意。但逾越特定目的之必要範圍或其他法律另有限制 不得僅依當事人書面同意蒐集、處理或利用，或其同意違反其意願者 ，不在此限。<br style=\"box-sizing: border-box;\" />依前項規定蒐集、處理或利用個人資料，準用第八條、第九條規定；其中 前項第六款之書面同意，準用第七條第一項、第二項及第四項規定，並以 書面為之。</div>\r\n</li>\r\n<li class=\"l-memberIntro__record\" style=\"box-sizing: border-box;\">\r\n<div class=\"l-heading\" style=\"box-sizing: border-box;\">\r\n<div class=\"l-heading__title\" style=\"box-sizing: border-box;\">第 7 條</div>\r\n</div>\r\n<div class=\"c-panel_content\" style=\"box-sizing: border-box;\">第十五條第二款及第十九條第一項第五款所稱同意，指當事人經蒐集者告 知本法所定應告知事項後，所為允許之意思表示。<br style=\"box-sizing: border-box;\" />第十六條第七款、第二十條第一項第六款所稱同意，指當事人經蒐集者明 確告知特定目的外之其他利用目的、範圍及同意與否對其權益之影響後， 單獨所為之意思表示。<br style=\"box-sizing: border-box;\" />公務機關或非公務機關明確告知當事人第八條第一項各款應告知事項時， 當事人如未表示拒絕，並已提供其個人資料者，推定當事人已依第十五條 第二款、第十九條第一項第五款之規定表示同意。<br style=\"box-sizing: border-box;\" />蒐集者就本法所稱經當事人同意之事實，應負舉證責任。</div>\r\n</li>\r\n<li class=\"l-memberIntro__record\" style=\"box-sizing: border-box;\">\r\n<div class=\"l-heading\" style=\"box-sizing: border-box;\">\r\n<div class=\"l-heading__title\" style=\"box-sizing: border-box;\">第 8 條</div>\r\n</div>\r\n<div class=\"c-panel_content\" style=\"box-sizing: border-box;\">公務機關或非公務機關依第十五條或第十九條規定向當事人蒐集個人資料 時，應明確告知當事人下列事項：<br style=\"box-sizing: border-box;\" />一、公務機關或非公務機關名稱。<br style=\"box-sizing: border-box;\" />二、蒐集之目的。<br style=\"box-sizing: border-box;\" />三、個人資料之類別。<br style=\"box-sizing: border-box;\" />四、個人資料利用之期間、地區、對象及方式。<br style=\"box-sizing: border-box;\" />五、當事人依第三條規定得行使之權利及方式。<br style=\"box-sizing: border-box;\" />六、當事人得自由選擇提供個人資料時，不提供將對其權益之影響。 有下列情形之一者，得免為前項之告知：<br style=\"box-sizing: border-box;\" />一、依法律規定得免告知。<br style=\"box-sizing: border-box;\" />二、個人資料之蒐集係公務機關執行法定職務或非公務機關履行法定義務 所必要。<br style=\"box-sizing: border-box;\" />三、告知將妨害公務機關執行法定職務。<br style=\"box-sizing: border-box;\" />四、告知將妨害公共利益。<br style=\"box-sizing: border-box;\" />五、當事人明知應告知之內容。<br style=\"box-sizing: border-box;\" />六、個人資料之蒐集非基於營利之目的，且對當事人顯無不利之影響。</div>\r\n</li>\r\n<li class=\"l-memberIntro__record\" style=\"box-sizing: border-box;\">\r\n<div class=\"l-heading\" style=\"box-sizing: border-box;\">\r\n<div class=\"l-heading__title\" style=\"box-sizing: border-box;\">第 9 條</div>\r\n</div>\r\n<div class=\"c-panel_content\" style=\"box-sizing: border-box;\">公務機關或非公務機關依第十五條或第十九條規定蒐集非由當事人提供之 個人資料，應於處理或利用前，向當事人告知個人資料來源及前條第一項 第一款至第五款所列事項。<br style=\"box-sizing: border-box;\" />有下列情形之一者，得免為前項之告知：<br style=\"box-sizing: border-box;\" />一、有前條第二項所列各款情形之一。<br style=\"box-sizing: border-box;\" />二、當事人自行公開或其他已合法公開之個人資料。<br style=\"box-sizing: border-box;\" />三、不能向當事人或其法定代理人為告知。<br style=\"box-sizing: border-box;\" />四、基於公共利益為統計或學術研究之目的而有必要，且該資料須經提供 者處理後或蒐集者依其揭露方式，無從識別特定當事人者為限。<br style=\"box-sizing: border-box;\" />五、大眾傳播業者基於新聞報導之公益目的而蒐集個人資料。<br style=\"box-sizing: border-box;\" />第一項之告知，得於首次對當事人為利用時併同為之。</div>\r\n</li>\r\n<li class=\"l-memberIntro__record\" style=\"box-sizing: border-box;\">\r\n<div class=\"l-heading\" style=\"box-sizing: border-box;\">\r\n<div class=\"l-heading__title\" style=\"box-sizing: border-box;\">第 10 條</div>\r\n</div>\r\n<div class=\"c-panel_content\" style=\"box-sizing: border-box;\">公務機關或非公務機關應依當事人之請求，就其蒐集之個人資料，答覆查 詢、提供閱覽或製給複製本。但有下列情形之一者，不在此限：<br style=\"box-sizing: border-box;\" />一、妨害國家安全、外交及軍事機密、整體經濟利益或其他國家重大利益 。<br style=\"box-sizing: border-box;\" />二、妨害公務機關執行法定職務。<br style=\"box-sizing: border-box;\" />三、妨害該蒐集機關或第三人之重大利益。</div>\r\n</li>\r\n<li class=\"l-memberIntro__record\" style=\"box-sizing: border-box;\">\r\n<div class=\"l-heading\" style=\"box-sizing: border-box;\">\r\n<div class=\"l-heading__title\" style=\"box-sizing: border-box;\">第 11 條</div>\r\n</div>\r\n<div class=\"c-panel_content\" style=\"box-sizing: border-box;\">公務機關或非公務機關應維護個人資料之正確，並應主動或依當事人之請 求更正或補充之。<br style=\"box-sizing: border-box;\" />個人資料正確性有爭議者，應主動或依當事人之請求停止處理或利用。但 因執行職務或業務所必須，或經當事人書面同意，並經註明其爭議者，不 在此限。<br style=\"box-sizing: border-box;\" />個人資料蒐集之特定目的消失或期限屆滿時，應主動或依當事人之請求， 刪除、停止處理或利用該個人資料。但因執行職務或業務所必須或經當事 人書面同意者，不在此限。<br style=\"box-sizing: border-box;\" />違反本法規定蒐集、處理或利用個人資料者，應主動或依當事人之請求， 刪除、停止蒐集、處理或利用該個人資料。<br style=\"box-sizing: border-box;\" />因可歸責於公務機關或非公務機關之事由，未為更正或補充之個人資料， 應於更正或補充後，通知曾提供利用之對象。</div>\r\n</li>\r\n<li class=\"l-memberIntro__record\" style=\"box-sizing: border-box;\">\r\n<div class=\"l-heading\" style=\"box-sizing: border-box;\">\r\n<div class=\"l-heading__title\" style=\"box-sizing: border-box;\">第 12 條</div>\r\n</div>\r\n<div class=\"c-panel_content\" style=\"box-sizing: border-box;\">公務機關或非公務機關違反本法規定，致個人資料被竊取、洩漏、竄改或 其他侵害者，應查明後以適當方式通知當事人。</div>\r\n</li>\r\n<li class=\"l-memberIntro__record\" style=\"box-sizing: border-box;\">\r\n<div class=\"l-heading\" style=\"box-sizing: border-box;\">\r\n<div class=\"l-heading__title\" style=\"box-sizing: border-box;\">第 13 條</div>\r\n</div>\r\n<div class=\"c-panel_content\" style=\"box-sizing: border-box;\">公務機關或非公務機關受理當事人依第十條規定之請求，應於十五日內， 為准駁之決定；必要時，得予延長，延長之期間不得逾十五日，並應將其 原因以書面通知請求人。<br style=\"box-sizing: border-box;\" />公務機關或非公務機關受理當事人依第十一條規定之請求，應於三十日內 ，為准駁之決定；必要時，得予延長，延長之期間不得逾三十日，並應將 其原因以書面通知請求人。</div>\r\n</li>\r\n<li class=\"l-memberIntro__record\" style=\"box-sizing: border-box;\">\r\n<div class=\"l-heading\" style=\"box-sizing: border-box;\">\r\n<div class=\"l-heading__title\" style=\"box-sizing: border-box;\">第 14 條</div>\r\n</div>\r\n<div class=\"c-panel_content\" style=\"box-sizing: border-box;\">查詢或請求閱覽個人資料或製給複製本者，公務機關或非公務機關得酌收 必要成本費用。</div>\r\n</li>\r\n</ul>\r\n</ul>\r\n<div class=\"l-heading l-memberIntro__record\" style=\"box-sizing: border-box;\">\r\n<div class=\"l-heading__title\" style=\"box-sizing: border-box;\">第 二 章 公務機關對個人資料之蒐集、處理及利用</div>\r\n</div>\r\n<ul class=\"c-panel\" style=\"box-sizing: border-box; padding-left: 2rem; margin-top: 0px; margin-bottom: 1rem; color: #222222; font-family: Arial, \'Microsoft JhengHei\', Helvetica, sans-serif; font-size: 16px; background-color: #ffffff;\">\r\n<ul class=\"c-panel\" style=\"box-sizing: border-box; padding-left: 2rem; margin-top: 0px; margin-bottom: 1rem; color: #222222; font-family: Arial, \'Microsoft JhengHei\', Helvetica, sans-serif; font-size: 16px; background-color: #ffffff;\">\r\n<li style=\"box-sizing: border-box;\">\r\n<div class=\"l-heading\" style=\"box-sizing: border-box;\">\r\n<div class=\"l-heading__title\" style=\"box-sizing: border-box;\">第 15 條</div>\r\n</div>\r\n<div class=\"c-panel_content\" style=\"box-sizing: border-box;\">公務機關對個人資料之蒐集或處理，除第六條第一項所規定資料外，應有 特定目的，並符合下列情形之一者：<br style=\"box-sizing: border-box;\" />一、執行法定職務必要範圍內。<br style=\"box-sizing: border-box;\" />二、經當事人同意。<br style=\"box-sizing: border-box;\" />三、對當事人權益無侵害。</div>\r\n</li>\r\n<li class=\"l-memberIntro__record\" style=\"box-sizing: border-box;\">\r\n<div class=\"l-heading\" style=\"box-sizing: border-box;\">\r\n<div class=\"l-heading__title\" style=\"box-sizing: border-box;\">第 16 條</div>\r\n</div>\r\n<div class=\"c-panel_content\" style=\"box-sizing: border-box;\">公務機關對個人資料之利用，除第六條第一項所規定資料外，應於執行法 定職務必要範圍內為之，並與蒐集之特定目的相符。但有下列情形之一者 ，得為特定目的外之利用：<br style=\"box-sizing: border-box;\" />一、法律明文規定。<br style=\"box-sizing: border-box;\" />二、為維護國家安全或增進公共利益所必要。<br style=\"box-sizing: border-box;\" />三、為免除當事人之生命、身體、自由或財產上之危險。<br style=\"box-sizing: border-box;\" />四、為防止他人權益之重大危害。<br style=\"box-sizing: border-box;\" />五、公務機關或學術研究機構基於公共利益為統計或學術研究而有必要， 且資料經過提供者處理後或經蒐集者依其揭露方式無從識別特定之當 事人。<br style=\"box-sizing: border-box;\" />六、有利於當事人權益。<br style=\"box-sizing: border-box;\" />七、經當事人同意。</div>\r\n</li>\r\n<li class=\"l-memberIntro__record\" style=\"box-sizing: border-box;\">\r\n<div class=\"l-heading\" style=\"box-sizing: border-box;\">\r\n<div class=\"l-heading__title\" style=\"box-sizing: border-box;\">第 17 條</div>\r\n</div>\r\n<div class=\"c-panel_content\" style=\"box-sizing: border-box;\">公務機關應將下列事項公開於電腦網站，或以其他適當方式供公眾查閱； 其有變更者，亦同：<br style=\"box-sizing: border-box;\" />一、個人資料檔案名稱。<br style=\"box-sizing: border-box;\" />二、保有機關名稱及聯絡方式。<br style=\"box-sizing: border-box;\" />三、個人資料檔案保有之依據及特定目的。<br style=\"box-sizing: border-box;\" />四、個人資料之類別。</div>\r\n</li>\r\n<li class=\"l-memberIntro__record\" style=\"box-sizing: border-box;\">\r\n<div class=\"l-heading\" style=\"box-sizing: border-box;\">\r\n<div class=\"l-heading__title\" style=\"box-sizing: border-box;\">第 18 條</div>\r\n</div>\r\n<div class=\"c-panel_content\" style=\"box-sizing: border-box;\">公務機關保有個人資料檔案者，應指定專人辦理安全維護事項，防止個人 資料被竊取、竄改、毀損、滅失或洩漏。</div>\r\n</li>\r\n</ul>\r\n</ul>\r\n<div class=\"l-heading l-memberIntro__record\" style=\"box-sizing: border-box;\">\r\n<div class=\"l-heading__title\" style=\"box-sizing: border-box;\">第 三 章 非公務機關對個人資料之蒐集、處理及利用</div>\r\n</div>\r\n<ul class=\"c-panel\" style=\"box-sizing: border-box; padding-left: 2rem; margin-top: 0px; margin-bottom: 1rem; color: #222222; font-family: Arial, \'Microsoft JhengHei\', Helvetica, sans-serif; font-size: 16px; background-color: #ffffff;\">\r\n<ul class=\"c-panel\" style=\"box-sizing: border-box; padding-left: 2rem; margin-top: 0px; margin-bottom: 1rem; color: #222222; font-family: Arial, \'Microsoft JhengHei\', Helvetica, sans-serif; font-size: 16px; background-color: #ffffff;\">\r\n<li style=\"box-sizing: border-box;\">\r\n<div class=\"l-heading\" style=\"box-sizing: border-box;\">\r\n<div class=\"l-heading__title\" style=\"box-sizing: border-box;\">第 19 條</div>\r\n</div>\r\n<div class=\"c-panel_content\" style=\"box-sizing: border-box;\">非公務機關對個人資料之蒐集或處理，除第六條第一項所規定資料外，應 有特定目的，並符合下列情形之一者：<br style=\"box-sizing: border-box;\" />一、法律明文規定。<br style=\"box-sizing: border-box;\" />二、與當事人有契約或類似契約之關係，且已採取適當之安全措施。<br style=\"box-sizing: border-box;\" />三、當事人自行公開或其他已合法公開之個人資料。<br style=\"box-sizing: border-box;\" />四、學術研究機構基於公共利益為統計或學術研究而有必要，且資料經過 提供者處理後或經蒐集者依其揭露方式無從識別特定之當事人。<br style=\"box-sizing: border-box;\" />五、經當事人同意。<br style=\"box-sizing: border-box;\" />六、為增進公共利益所必要。<br style=\"box-sizing: border-box;\" />七、個人資料取自於一般可得之來源。但當事人對該資料之禁止處理或利 用，顯有更值得保護之重大利益者，不在此限。<br style=\"box-sizing: border-box;\" />八、對當事人權益無侵害。<br style=\"box-sizing: border-box;\" />蒐集或處理者知悉或經當事人通知依前項第七款但書規定禁止對該資料之 處理或利用時，應主動或依當事人之請求，刪除、停止處理或利用該個人 資料。</div>\r\n</li>\r\n<li class=\"l-memberIntro__record\" style=\"box-sizing: border-box;\">\r\n<div class=\"l-heading\" style=\"box-sizing: border-box;\">\r\n<div class=\"l-heading__title\" style=\"box-sizing: border-box;\">第 20 條</div>\r\n</div>\r\n<div class=\"c-panel_content\" style=\"box-sizing: border-box;\">非公務機關對個人資料之利用，除第六條第一項所規定資料外，應於蒐集 之特定目的必要範圍內為之。但有下列情形之一者，得為特定目的外之利 用：<br style=\"box-sizing: border-box;\" />一、法律明文規定。<br style=\"box-sizing: border-box;\" />二、為增進公共利益所必要。<br style=\"box-sizing: border-box;\" />三、為免除當事人之生命、身體、自由或財產上之危險。<br style=\"box-sizing: border-box;\" />四、為防止他人權益之重大危害。<br style=\"box-sizing: border-box;\" />五、公務機關或學術研究機構基於公共利益為統計或學術研究而有必要， 且資料經過提供者處理後或經蒐集者依其揭露方式無從識別特定之當 事人。<br style=\"box-sizing: border-box;\" />六、經當事人同意。<br style=\"box-sizing: border-box;\" />七、有利於當事人權益。<br style=\"box-sizing: border-box;\" />非公務機關依前項規定利用個人資料行銷者，當事人表示拒絕接受行銷時 ，應即停止利用其個人資料行銷。<br style=\"box-sizing: border-box;\" />非公務機關於首次行銷時，應提供當事人表示拒絕接受行銷之方式，並支 付所需費用。</div>\r\n</li>\r\n<li class=\"l-memberIntro__record\" style=\"box-sizing: border-box;\">\r\n<div class=\"l-heading\" style=\"box-sizing: border-box;\">\r\n<div class=\"l-heading__title\" style=\"box-sizing: border-box;\">第 21 條</div>\r\n</div>\r\n<div class=\"c-panel_content\" style=\"box-sizing: border-box;\">非公務機關為國際傳輸個人資料，而有下列情形之一者，中央目的事業主 管機關得限制之：<br style=\"box-sizing: border-box;\" />一、涉及國家重大利益。<br style=\"box-sizing: border-box;\" />二、國際條約或協定有特別規定。<br style=\"box-sizing: border-box;\" />三、接受國對於個人資料之保護未有完善之法規，致有損當事人權益之虞 。<br style=\"box-sizing: border-box;\" />四、以迂迴方法向第三國（地區）傳輸個人資料規避本法。</div>\r\n</li>\r\n<li class=\"l-memberIntro__record\" style=\"box-sizing: border-box;\">\r\n<div class=\"l-heading\" style=\"box-sizing: border-box;\">\r\n<div class=\"l-heading__title\" style=\"box-sizing: border-box;\">第 22 條</div>\r\n</div>\r\n<div class=\"c-panel_content\" style=\"box-sizing: border-box;\">中央目的事業主管機關或直轄市、縣（市）政府為執行資料檔案安全維護 、業務終止資料處理方法、國際傳輸限制或其他例行性業務檢查而認有必 要或有違反本法規定之虞時，得派員攜帶執行職務證明文件，進入檢查， 並得命相關人員為必要之說明、配合措施或提供相關證明資料。<br style=\"box-sizing: border-box;\" />中央目的事業主管機關或直轄市、縣（市）政府為前項檢查時，對於得沒 入或可為證據之個人資料或其檔案，得扣留或複製之。對於應扣留或複製 之物，得要求其所有人、持有人或保管人提出或交付；無正當理由拒絕提 出、交付或抗拒扣留或複製者，得採取對該非公務機關權益損害最少之方 法強制為之。<br style=\"box-sizing: border-box;\" />中央目的事業主管機關或直轄市、縣（市）政府為第一項檢查時，得率同 資訊、電信或法律等專業人員共同為之。<br style=\"box-sizing: border-box;\" />對於第一項及第二項之進入、檢查或處分，非公務機關及其相關人員不得 規避、妨礙或拒絕。<br style=\"box-sizing: border-box;\" />參與檢查之人員，因檢查而知悉他人資料者，負保密義務。</div>\r\n</li>\r\n<li class=\"l-memberIntro__record\" style=\"box-sizing: border-box;\">\r\n<div class=\"l-heading\" style=\"box-sizing: border-box;\">\r\n<div class=\"l-heading__title\" style=\"box-sizing: border-box;\">第 23 條</div>\r\n</div>\r\n<div class=\"c-panel_content\" style=\"box-sizing: border-box;\">對於前條第二項扣留物或複製物，應加封緘或其他標識，並為適當之處置 ；其不便搬運或保管者，得命人看守或交由所有人或其他適當之人保管。 扣留物或複製物已無留存之必要，或決定不予處罰或未為沒入之裁處者， 應發還之。但應沒入或為調查他案應留存者，不在此限。</div>\r\n</li>\r\n<li class=\"l-memberIntro__record\" style=\"box-sizing: border-box;\">\r\n<div class=\"l-heading\" style=\"box-sizing: border-box;\">\r\n<div class=\"l-heading__title\" style=\"box-sizing: border-box;\">第 24 條</div>\r\n</div>\r\n<div class=\"c-panel_content\" style=\"box-sizing: border-box;\">非公務機關、物之所有人、持有人、保管人或利害關係人對前二條之要求 、強制、扣留或複製行為不服者，得向中央目的事業主管機關或直轄市、 縣（市）政府聲明異議。<br style=\"box-sizing: border-box;\" />前項聲明異議，中央目的事業主管機關或直轄市、縣（市）政府認為有理 由者，應立即停止或變更其行為；認為無理由者，得繼續執行。經該聲明 異議之人請求時，應將聲明異議之理由製作紀錄交付之。<br style=\"box-sizing: border-box;\" />對於中央目的事業主管機關或直轄市、縣（市）政府前項決定不服者，僅 得於對該案件之實體決定聲明不服時一併聲明之。但第一項之人依法不得 對該案件之實體決定聲明不服時，得單獨對第一項之行為逕行提起行政訴 訟。</div>\r\n</li>\r\n<li class=\"l-memberIntro__record\" style=\"box-sizing: border-box;\">\r\n<div class=\"l-heading\" style=\"box-sizing: border-box;\">\r\n<div class=\"l-heading__title\" style=\"box-sizing: border-box;\">第 25 條</div>\r\n</div>\r\n<div class=\"c-panel_content\" style=\"box-sizing: border-box;\">非公務機關有違反本法規定之情事者，中央目的事業主管機關或直轄市、 縣（市）政府除依本法規定裁處罰鍰外，並得為下列處分：<br style=\"box-sizing: border-box;\" />一、禁止蒐集、處理或利用個人資料。<br style=\"box-sizing: border-box;\" />二、命令刪除經處理之個人資料檔案。<br style=\"box-sizing: border-box;\" />三、沒入或命銷燬違法蒐集之個人資料。<br style=\"box-sizing: border-box;\" />四、公布非公務機關之違法情形，及其姓名或名稱與負責人。<br style=\"box-sizing: border-box;\" />中央目的事業主管機關或直轄市、縣（市）政府為前項處分時，應於防制 違反本法規定情事之必要範圍內，採取對該非公務機關權益損害最少之方 法為之。</div>\r\n</li>\r\n<li class=\"l-memberIntro__record\" style=\"box-sizing: border-box;\">\r\n<div class=\"l-heading\" style=\"box-sizing: border-box;\">\r\n<div class=\"l-heading__title\" style=\"box-sizing: border-box;\">第 26 條</div>\r\n</div>\r\n<div class=\"c-panel_content\" style=\"box-sizing: border-box;\">中央目的事業主管機關或直轄市、縣（市）政府依第二十二條規定檢查後 ，未發現有違反本法規定之情事者，經該非公務機關同意後，得公布檢查 結果。</div>\r\n</li>\r\n<li class=\"l-memberIntro__record\" style=\"box-sizing: border-box;\">\r\n<div class=\"l-heading\" style=\"box-sizing: border-box;\">\r\n<div class=\"l-heading__title\" style=\"box-sizing: border-box;\">第 27 條</div>\r\n</div>\r\n<div class=\"c-panel_content\" style=\"box-sizing: border-box;\">非公務機關保有個人資料檔案者，應採行適當之安全措施，防止個人資料 被竊取、竄改、毀損、滅失或洩漏。<br style=\"box-sizing: border-box;\" />中央目的事業主管機關得指定非公務機關訂定個人資料檔案安全維護計畫 或業務終止後個人資料處理方法。<br style=\"box-sizing: border-box;\" />前項計畫及處理方法之標準等相關事項之辦法，由中央目的事業主管機關 定之。</div>\r\n</li>\r\n</ul>\r\n</ul>\r\n<div class=\"l-heading l-memberIntro__record\" style=\"box-sizing: border-box;\">\r\n<div class=\"l-heading__title\" style=\"box-sizing: border-box;\">第 四 章 損害賠償及團體訴訟</div>\r\n</div>\r\n<ul class=\"c-panel\" style=\"box-sizing: border-box; padding-left: 2rem; margin-top: 0px; margin-bottom: 1rem; color: #222222; font-family: Arial, \'Microsoft JhengHei\', Helvetica, sans-serif; font-size: 16px; background-color: #ffffff;\">\r\n<ul class=\"c-panel\" style=\"box-sizing: border-box; padding-left: 2rem; margin-top: 0px; margin-bottom: 1rem; color: #222222; font-family: Arial, \'Microsoft JhengHei\', Helvetica, sans-serif; font-size: 16px; background-color: #ffffff;\">\r\n<li style=\"box-sizing: border-box;\">\r\n<div class=\"l-heading\" style=\"box-sizing: border-box;\">\r\n<div class=\"l-heading__title\" style=\"box-sizing: border-box;\">第 28 條</div>\r\n</div>\r\n<div class=\"c-panel_content\" style=\"box-sizing: border-box;\">公務機關違反本法規定，致個人資料遭不法蒐集、處理、利用或其他侵害 當事人權利者，負損害賠償責任。但損害因天災、事變或其他不可抗力所 致者，不在此限。<br style=\"box-sizing: border-box;\" />被害人雖非財產上之損害，亦得請求賠償相當之金額；其名譽被侵害者， 並得請求為回復名譽之適當處分。<br style=\"box-sizing: border-box;\" />依前二項情形，如被害人不易或不能證明其實際損害額時，得請求法院依 侵害情節，以每人每一事件新臺幣五百元以上二萬元以下計算。<br style=\"box-sizing: border-box;\" />對於同一原因事實造成多數當事人權利受侵害之事件，經當事人請求損害 賠償者，其合計最高總額以新臺幣二億元為限。但因該原因事實所涉利益 超過新臺幣二億元者，以該所涉利益為限。<br style=\"box-sizing: border-box;\" />同一原因事實造成之損害總額逾前項金額時，被害人所受賠償金額，不受 第三項所定每人每一事件最低賠償金額新臺幣五百元之限制。<br style=\"box-sizing: border-box;\" />第二項請求權，不得讓與或繼承。但以金額賠償之請求權已依契約承諾或 已起訴者，不在此限。</div>\r\n</li>\r\n<li class=\"l-memberIntro__record\" style=\"box-sizing: border-box;\">\r\n<div class=\"l-heading\" style=\"box-sizing: border-box;\">\r\n<div class=\"l-heading__title\" style=\"box-sizing: border-box;\">第 29 條</div>\r\n</div>\r\n<div class=\"c-panel_content\" style=\"box-sizing: border-box;\">非公務機關違反本法規定，致個人資料遭不法蒐集、處理、利用或其他侵 害當事人權利者，負損害賠償責任。但能證明其無故意或過失者，不在此 限。<br style=\"box-sizing: border-box;\" />依前項規定請求賠償者，適用前條第二項至第六項規定。</div>\r\n</li>\r\n<li class=\"l-memberIntro__record\" style=\"box-sizing: border-box;\">\r\n<div class=\"l-heading\" style=\"box-sizing: border-box;\">\r\n<div class=\"l-heading__title\" style=\"box-sizing: border-box;\">第 30 條</div>\r\n</div>\r\n<div class=\"c-panel_content\" style=\"box-sizing: border-box;\">損害賠償請求權，自請求權人知有損害及賠償義務人時起，因二年間不行 使而消滅；自損害發生時起，逾五年者，亦同。</div>\r\n</li>\r\n<li class=\"l-memberIntro__record\" style=\"box-sizing: border-box;\">\r\n<div class=\"l-heading\" style=\"box-sizing: border-box;\">\r\n<div class=\"l-heading__title\" style=\"box-sizing: border-box;\">第 31 條</div>\r\n</div>\r\n<div class=\"c-panel_content\" style=\"box-sizing: border-box;\">損害賠償，除依本法規定外，公務機關適用國家賠償法之規定，非公務機 關適用民法之規定。</div>\r\n</li>\r\n<li class=\"l-memberIntro__record\" style=\"box-sizing: border-box;\">\r\n<div class=\"l-heading\" style=\"box-sizing: border-box;\">\r\n<div class=\"l-heading__title\" style=\"box-sizing: border-box;\">第 32 條</div>\r\n</div>\r\n<div class=\"c-panel_content\" style=\"box-sizing: border-box;\">依本章規定提起訴訟之財團法人或公益社團法人，應符合下列要件：<br style=\"box-sizing: border-box;\" />一、財團法人之登記財產總額達新臺幣一千萬元或社團法人之社員人數達 一百人。<br style=\"box-sizing: border-box;\" />二、保護個人資料事項於其章程所定目的範圍內。<br style=\"box-sizing: border-box;\" />三、許可設立三年以上。</div>\r\n</li>\r\n<li class=\"l-memberIntro__record\" style=\"box-sizing: border-box;\">\r\n<div class=\"l-heading\" style=\"box-sizing: border-box;\">\r\n<div class=\"l-heading__title\" style=\"box-sizing: border-box;\">第 33 條</div>\r\n</div>\r\n<div class=\"c-panel_content\" style=\"box-sizing: border-box;\">依本法規定對於公務機關提起損害賠償訴訟者，專屬該機關所在地之地方 法院管轄。對於非公務機關提起者，專屬其主事務所、主營業所或住所地 之地方法院管轄。<br style=\"box-sizing: border-box;\" />前項非公務機關為自然人，而其在中華民國現無住所或住所不明者，以其 在中華民國之居所，視為其住所；無居所或居所不明者，以其在中華民國 最後之住所，視為其住所；無最後住所者，專屬中央政府所在地之地方法 院管轄。<br style=\"box-sizing: border-box;\" />第一項非公務機關為自然人以外之法人或其他團體，而其在中華民國現無 主事務所、主營業所或主事務所、主營業所不明者，專屬中央政府所在地 之地方法院管轄。</div>\r\n</li>\r\n<li class=\"l-memberIntro__record\" style=\"box-sizing: border-box;\">\r\n<div class=\"l-heading\" style=\"box-sizing: border-box;\">\r\n<div class=\"l-heading__title\" style=\"box-sizing: border-box;\">第 34 條</div>\r\n</div>\r\n<div class=\"c-panel_content\" style=\"box-sizing: border-box;\">對於同一原因事實造成多數當事人權利受侵害之事件，財團法人或公益社 團法人經受有損害之當事人二十人以上以書面授與訴訟實施權者，得以自 己之名義，提起損害賠償訴訟。當事人得於言詞辯論終結前以書面撤回訴 訟實施權之授與，並通知法院。<br style=\"box-sizing: border-box;\" />前項訴訟，法院得依聲請或依職權公告曉示其他因同一原因事實受有損害 之當事人，得於一定期間內向前項起訴之財團法人或公益社團法人授與訴 訟實施權，由該財團法人或公益社團法人於第一審言詞辯論終結前，擴張 應受判決事項之聲明。<br style=\"box-sizing: border-box;\" />其他因同一原因事實受有損害之當事人未依前項規定授與訴訟實施權者， 亦得於法院公告曉示之一定期間內起訴，由法院併案審理。<br style=\"box-sizing: border-box;\" />其他因同一原因事實受有損害之當事人，亦得聲請法院為前項之公告。<br style=\"box-sizing: border-box;\" />前二項公告，應揭示於法院公告處、資訊網路及其他適當處所；法院認為 必要時，並得命登載於公報或新聞紙，或用其他方法公告之，其費用由國 庫墊付。<br style=\"box-sizing: border-box;\" />依第一項規定提起訴訟之財團法人或公益社團法人，其標的價額超過新臺 幣六十萬元者，超過部分暫免徵裁判費。</div>\r\n</li>\r\n<li class=\"l-memberIntro__record\" style=\"box-sizing: border-box;\">\r\n<div class=\"l-heading\" style=\"box-sizing: border-box;\">\r\n<div class=\"l-heading__title\" style=\"box-sizing: border-box;\">第 35 條</div>\r\n</div>\r\n<div class=\"c-panel_content\" style=\"box-sizing: border-box;\">當事人依前條第一項規定撤回訴訟實施權之授與者，該部分訴訟程序當然 停止，該當事人應即聲明承受訴訟，法院亦得依職權命該當事人承受訴訟 。<br style=\"box-sizing: border-box;\" />財團法人或公益社團法人依前條規定起訴後，因部分當事人撤回訴訟實施 權之授與，致其餘部分不足二十人者，仍得就其餘部分繼續進行訴訟。</div>\r\n</li>\r\n<li class=\"l-memberIntro__record\" style=\"box-sizing: border-box;\">\r\n<div class=\"l-heading\" style=\"box-sizing: border-box;\">\r\n<div class=\"l-heading__title\" style=\"box-sizing: border-box;\">第 36 條</div>\r\n</div>\r\n<div class=\"c-panel_content\" style=\"box-sizing: border-box;\">各當事人於第三十四條第一項及第二項之損害賠償請求權，其時效應分別 計算。</div>\r\n</li>\r\n<li class=\"l-memberIntro__record\" style=\"box-sizing: border-box;\">\r\n<div class=\"l-heading\" style=\"box-sizing: border-box;\">\r\n<div class=\"l-heading__title\" style=\"box-sizing: border-box;\">第 37 條</div>\r\n</div>\r\n<div class=\"c-panel_content\" style=\"box-sizing: border-box;\">財團法人或公益社團法人就當事人授與訴訟實施權之事件，有為一切訴訟 行為之權。但當事人得限制其為捨棄、撤回或和解。<br style=\"box-sizing: border-box;\" />前項當事人中一人所為之限制，其效力不及於其他當事人。<br style=\"box-sizing: border-box;\" />第一項之限制，應於第三十四條第一項之文書內表明，或以書狀提出於法 院。</div>\r\n</li>\r\n<li class=\"l-memberIntro__record\" style=\"box-sizing: border-box;\">\r\n<div class=\"l-heading\" style=\"box-sizing: border-box;\">\r\n<div class=\"l-heading__title\" style=\"box-sizing: border-box;\">第 38 條</div>\r\n</div>\r\n<div class=\"c-panel_content\" style=\"box-sizing: border-box;\">當事人對於第三十四條訴訟之判決不服者，得於財團法人或公益社團法人 上訴期間屆滿前，撤回訴訟實施權之授與，依法提起上訴。<br style=\"box-sizing: border-box;\" />財團法人或公益社團法人於收受判決書正本後，應即將其結果通知當事人 ，並應於七日內將是否提起上訴之意旨以書面通知當事人。</div>\r\n</li>\r\n<li class=\"l-memberIntro__record\" style=\"box-sizing: border-box;\">\r\n<div class=\"l-heading\" style=\"box-sizing: border-box;\">\r\n<div class=\"l-heading__title\" style=\"box-sizing: border-box;\">第 39 條</div>\r\n</div>\r\n<div class=\"c-panel_content\" style=\"box-sizing: border-box;\">財團法人或公益社團法人應將第三十四條訴訟結果所得之賠償，扣除訴訟 必要費用後，分別交付授與訴訟實施權之當事人。<br style=\"box-sizing: border-box;\" />提起第三十四條第一項訴訟之財團法人或公益社團法人，均不得請求報酬 。</div>\r\n</li>\r\n<li class=\"l-memberIntro__record\" style=\"box-sizing: border-box;\">\r\n<div class=\"l-heading\" style=\"box-sizing: border-box;\">\r\n<div class=\"l-heading__title\" style=\"box-sizing: border-box;\">第 40 條</div>\r\n</div>\r\n<div class=\"c-panel_content\" style=\"box-sizing: border-box;\">依本章規定提起訴訟之財團法人或公益社團法人，應委任律師代理訴訟。</div>\r\n</li>\r\n</ul>\r\n</ul>\r\n<div class=\"l-heading l-memberIntro__record\" style=\"box-sizing: border-box;\">\r\n<div class=\"l-heading__title\" style=\"box-sizing: border-box;\">第 五 章 罰則</div>\r\n</div>\r\n<ul class=\"c-panel\" style=\"box-sizing: border-box; padding-left: 2rem; margin-top: 0px; margin-bottom: 1rem; color: #222222; font-family: Arial, \'Microsoft JhengHei\', Helvetica, sans-serif; font-size: 16px; background-color: #ffffff;\">\r\n<ul class=\"c-panel\" style=\"box-sizing: border-box; padding-left: 2rem; margin-top: 0px; margin-bottom: 1rem; color: #222222; font-family: Arial, \'Microsoft JhengHei\', Helvetica, sans-serif; font-size: 16px; background-color: #ffffff;\">\r\n<li style=\"box-sizing: border-box;\">\r\n<div class=\"l-heading\" style=\"box-sizing: border-box;\">\r\n<div class=\"l-heading__title\" style=\"box-sizing: border-box;\">第 41 條</div>\r\n</div>\r\n<div class=\"c-panel_content\" style=\"box-sizing: border-box;\">意圖為自己或第三人不法之利益或損害他人之利益，而違反第六條第一項 、第十五條、第十六條、第十九條、第二十條第一項規定，或中央目的事 業主管機關依第二十一條限制國際傳輸之命令或處分，足生損害於他人者 ，處五年以下有期徒刑，得併科新臺幣一百萬元以下罰金。</div>\r\n</li>\r\n<li class=\"l-memberIntro__record\" style=\"box-sizing: border-box;\">\r\n<div class=\"l-heading\" style=\"box-sizing: border-box;\">\r\n<div class=\"l-heading__title\" style=\"box-sizing: border-box;\">第 42 條</div>\r\n</div>\r\n<div class=\"c-panel_content\" style=\"box-sizing: border-box;\">為規範個人資料之蒐集、處理及利用，以避免人格權受侵害，並促進個人 意圖為自己或第三人不法之利益或損害他人之利益，而對於個人資料檔案 為非法變更、刪除或以其他非法方法，致妨害個人資料檔案之正確而足生 損害於他人者，處五年以下有期徒刑、拘役或科或併科新臺幣一百萬元以 下罰金。</div>\r\n</li>\r\n<li class=\"l-memberIntro__record\" style=\"box-sizing: border-box;\">\r\n<div class=\"l-heading\" style=\"box-sizing: border-box;\">\r\n<div class=\"l-heading__title\" style=\"box-sizing: border-box;\">第 43 條</div>\r\n</div>\r\n<div class=\"c-panel_content\" style=\"box-sizing: border-box;\">中華民國人民在中華民國領域外對中華民國人民犯前二條之罪者，亦適用 之。</div>\r\n</li>\r\n<li class=\"l-memberIntro__record\" style=\"box-sizing: border-box;\">\r\n<div class=\"l-heading\" style=\"box-sizing: border-box;\">\r\n<div class=\"l-heading__title\" style=\"box-sizing: border-box;\">第 44 條</div>\r\n</div>\r\n<div class=\"c-panel_content\" style=\"box-sizing: border-box;\">公務員假借職務上之權力、機會或方法，犯本章之罪者，加重其刑至二分 之一。</div>\r\n</li>\r\n<li class=\"l-memberIntro__record\" style=\"box-sizing: border-box;\">\r\n<div class=\"l-heading\" style=\"box-sizing: border-box;\">\r\n<div class=\"l-heading__title\" style=\"box-sizing: border-box;\">第 45 條</div>\r\n</div>\r\n<div class=\"c-panel_content\" style=\"box-sizing: border-box;\">本章之罪，須告訴乃論。但犯第四十一條之罪者，或對公務機關犯第四十 二條之罪者，不在此限。</div>\r\n</li>\r\n<li class=\"l-memberIntro__record\" style=\"box-sizing: border-box;\">\r\n<div class=\"l-heading\" style=\"box-sizing: border-box;\">\r\n<div class=\"l-heading__title\" style=\"box-sizing: border-box;\">第 46 條</div>\r\n</div>\r\n<div class=\"c-panel_content\" style=\"box-sizing: border-box;\">犯本章之罪，其他法律有較重處罰規定者，從其規定。</div>\r\n</li>\r\n<li class=\"l-memberIntro__record\" style=\"box-sizing: border-box;\">\r\n<div class=\"l-heading\" style=\"box-sizing: border-box;\">\r\n<div class=\"l-heading__title\" style=\"box-sizing: border-box;\">第 47 條</div>\r\n</div>\r\n<div class=\"c-panel_content\" style=\"box-sizing: border-box;\">非公務機關有下列情事之一者，由中央目的事業主管機關或直轄市、縣（ 市）政府處新臺幣五萬元以上五十萬元以下罰鍰，並令限期改正，屆期未 改正者，按次處罰之：<br style=\"box-sizing: border-box;\" />一、違反第六條第一項規定。<br style=\"box-sizing: border-box;\" />二、違反第十九條規定。<br style=\"box-sizing: border-box;\" />三、違反第二十條第一項規定。<br style=\"box-sizing: border-box;\" />四、違反中央目的事業主管機關依第二十一條規定限制國際傳輸之命令或 處分。</div>\r\n</li>\r\n<li class=\"l-memberIntro__record\" style=\"box-sizing: border-box;\">\r\n<div class=\"l-heading\" style=\"box-sizing: border-box;\">\r\n<div class=\"l-heading__title\" style=\"box-sizing: border-box;\">第 48 條</div>\r\n</div>\r\n<div class=\"c-panel_content\" style=\"box-sizing: border-box;\">非公務機關有下列情事之一者，由中央目的事業主管機關或直轄市、縣（ 市）政府限期改正，屆期未改正者，按次處新臺幣二萬元以上二十萬元以 下罰鍰：<br style=\"box-sizing: border-box;\" />一、違反第八條或第九條規定。<br style=\"box-sizing: border-box;\" />二、違反第十條、第十一條、第十二條或第十三條規定。<br style=\"box-sizing: border-box;\" />三、違反第二十條第二項或第三項規定。<br style=\"box-sizing: border-box;\" />四、違反第二十七條第一項或未依第二項訂定個人資料檔案安全維護計畫 或業務終止後個人資料處理方法。</div>\r\n</li>\r\n<li class=\"l-memberIntro__record\" style=\"box-sizing: border-box;\">\r\n<div class=\"l-heading\" style=\"box-sizing: border-box;\">\r\n<div class=\"l-heading__title\" style=\"box-sizing: border-box;\">第 49 條</div>\r\n</div>\r\n<div class=\"c-panel_content\" style=\"box-sizing: border-box;\">非公務機關無正當理由違反第二十二條第四項規定者，由中央目的事業主 管機關或直轄市、縣（市）政府處新臺幣二萬元以上二十萬元以下罰鍰。</div>\r\n</li>\r\n<li class=\"l-memberIntro__record\" style=\"box-sizing: border-box;\">\r\n<div class=\"l-heading\" style=\"box-sizing: border-box;\">\r\n<div class=\"l-heading__title\" style=\"box-sizing: border-box;\">第 50 條</div>\r\n</div>\r\n<div class=\"c-panel_content\" style=\"box-sizing: border-box;\">非公務機關之代表人、管理人或其他有代表權人，因該非公務機關依前三 條規定受罰鍰處罰時，除能證明已盡防止義務者外，應並受同一額度罰鍰 之處罰。</div>\r\n</li>\r\n</ul>\r\n</ul>\r\n<div class=\"l-heading l-memberIntro__record\" style=\"box-sizing: border-box;\">\r\n<div class=\"l-heading__title\" style=\"box-sizing: border-box;\">第 六 章 附則</div>\r\n</div>\r\n<ul class=\"c-panel\" style=\"box-sizing: border-box; padding-left: 2rem; margin-top: 0px; margin-bottom: 1rem; color: #222222; font-family: Arial, \'Microsoft JhengHei\', Helvetica, sans-serif; font-size: 16px; background-color: #ffffff;\">\r\n<li style=\"box-sizing: border-box;\">\r\n<div class=\"l-heading\" style=\"box-sizing: border-box;\">\r\n<div class=\"l-heading__title\" style=\"box-sizing: border-box;\">第 51 條</div>\r\n</div>\r\n<div class=\"c-panel_content\" style=\"box-sizing: border-box;\">有下列情形之一者，不適用本法規定： 一、自然人為單純個人或家庭活動之目的，而蒐集、處理或利用個人資料 。<br style=\"box-sizing: border-box;\" />二、於公開場所或公開活動中所蒐集、處理或利用之未與其他個人資料結 合之影音資料。<br style=\"box-sizing: border-box;\" />公務機關及非公務機關，在中華民國領域外對中華民國人民個人資料蒐集 、處理或利用者，亦適用本法。</div>\r\n</li>\r\n<li class=\"l-memberIntro__record\" style=\"box-sizing: border-box;\">\r\n<div class=\"l-heading\" style=\"box-sizing: border-box;\">\r\n<div class=\"l-heading__title\" style=\"box-sizing: border-box;\">第 52 條</div>\r\n</div>\r\n<div class=\"c-panel_content\" style=\"box-sizing: border-box;\">第二十二條至第二十六條規定由中央目的事業主管機關或直轄市、縣（市 ）政府執行之權限，得委任所屬機關、委託其他機關或公益團體辦理；其 成員因執行委任或委託事務所知悉之資訊，負保密義務。<br style=\"box-sizing: border-box;\" />前項之公益團體，不得依第三十四條第一項規定接受當事人授與訴訟實施 權，以自己之名義提起損害賠償訴訟。</div>\r\n</li>\r\n<li class=\"l-memberIntro__record\" style=\"box-sizing: border-box;\">\r\n<div class=\"l-heading\" style=\"box-sizing: border-box;\">\r\n<div class=\"l-heading__title\" style=\"box-sizing: border-box;\">第 53 條</div>\r\n</div>\r\n<div class=\"c-panel_content\" style=\"box-sizing: border-box;\">法務部應會同中央目的事業主管機關訂定特定目的及個人資料類別，提供 公務機關及非公務機關參考使用。</div>\r\n</li>\r\n<li class=\"l-memberIntro__record\" style=\"box-sizing: border-box;\">\r\n<div class=\"l-heading\" style=\"box-sizing: border-box;\">\r\n<div class=\"l-heading__title\" style=\"box-sizing: border-box;\">第 54 條</div>\r\n</div>\r\n<div class=\"c-panel_content\" style=\"box-sizing: border-box;\">本法中華民國九十九年五月二十六日修正公布之條文施行前，非由當事人 提供之個人資料，於本法一百零四年十二月十五日修正之條文施行後為處 理或利用者，應於處理或利用前，依第九條規定向當事人告知。<br style=\"box-sizing: border-box;\" />前項之告知，得於本法中華民國一百零四年十二月十五日修正之條文施行 後首次利用時併同為之。<br style=\"box-sizing: border-box;\" />未依前二項規定告知而利用者，以違反第九條規定論處。</div>\r\n</li>\r\n<li class=\"l-memberIntro__record\" style=\"box-sizing: border-box;\">\r\n<div class=\"l-heading\" style=\"box-sizing: border-box;\">\r\n<div class=\"l-heading__title\" style=\"box-sizing: border-box;\">第 55 條</div>\r\n</div>\r\n<div class=\"c-panel_content\" style=\"box-sizing: border-box;\">本法施行細則，由法務部定之。</div>\r\n</li>\r\n<li class=\"l-memberIntro__record\" style=\"box-sizing: border-box;\">\r\n<div class=\"l-heading\" style=\"box-sizing: border-box;\">\r\n<div class=\"l-heading__title\" style=\"box-sizing: border-box;\">第 56 條</div>\r\n</div>\r\n<div class=\"c-panel_content\" style=\"box-sizing: border-box;\">本法施行日期，由行政院定之。<br style=\"box-sizing: border-box;\" />現行條文第十九條至第二十二條及第四十三條之刪除，自公布日施行。 前項公布日於現行條文第四十三條第二項指定之事業、團體或個人應於指 定之日起六個月內辦理登記或許可之期間內者，該指定之事業、團體或個 人得申請終止辦理，目的事業主管機關於終止辦理時，應退還已繳規費。 已辦理完成者，亦得申請退費。<br style=\"box-sizing: border-box;\" />前項退費，應自繳費義務人繳納之日起，至目的事業主管機關終止辦理之 日止，按退費額，依繳費之日郵政儲金之一年期定期存款利率，按日加計 利息，一併退還。已辦理完成者，其退費，應自繳費義務人繳納之日起， 至目的事業主管機關核准申請之日止，亦同。</div>\r\n</li>\r\n</ul>'),('2e1044e6235e420594befadc47bd12a9','<p><img style=\"max-width: 100%; height: auto; float: left;\" src=\"../file/fe4c94d0ef7041fe8efcf9e796c03bf5.png\" /></p>\r\n<p>&nbsp;</p>\r\n<p>&nbsp;</p>\r\n<p>&nbsp;</p>\r\n<p>&nbsp;</p>\r\n<p>&nbsp;</p>\r\n<p>&nbsp;</p>\r\n<p>&nbsp;</p>\r\n<p>&nbsp;</p>\r\n<p>&nbsp;</p>\r\n<p>&nbsp;</p>\r\n<p>&nbsp;</p>\r\n<p>&nbsp;</p>\r\n<p>₤</p>\r\n<p>zzzzz<strong>zzzzzzzzzzzz<em>zzzzzzzzzzzzzzzz</em></strong></p>'),('2e12a8c620744e27a237fb7201afe1c0','<p>網管測試網管測試網管測試 網管測試網管測試網管測試 網管測試網管測試網管測試</p>'),('39ec265c9c6a4b02980e4d315cb4052d','<div class=\"u-gapNextV--lg\" style=\"box-sizing: border-box; color: #222222; font-family: Arial, \'Microsoft JhengHei\', Helvetica, sans-serif; font-size: 16px; background-color: #ffffff;\">\r\n<div class=\"l-heading\" style=\"box-sizing: border-box;\">\r\n<div class=\"l-heading__title\" style=\"box-sizing: border-box;\">服務條款</div>\r\n</div>\r\n</div>\r\n<div class=\"u-gapNextV--lg\" style=\"box-sizing: border-box; color: #222222; font-family: Arial, \'Microsoft JhengHei\', Helvetica, sans-serif; font-size: 16px; background-color: #ffffff;\">\r\n<div class=\"l-panel\" style=\"box-sizing: border-box;\">\r\n<ul class=\"c-panel\" style=\"box-sizing: border-box; padding-left: 2rem; margin-top: 0px; margin-bottom: 1rem;\">\r\n<li style=\"box-sizing: border-box;\">\r\n<div class=\"l-heading\" style=\"box-sizing: border-box;\">\r\n<div class=\"l-heading__title\" style=\"box-sizing: border-box;\">認知與接受條款</div>\r\n</div>\r\n<div class=\"c-panel_content\" style=\"box-sizing: border-box;\">「詠勝科技有限公司」係依據本服務條款提供「Mobile01」（https://www.mobile01.com）服務。當您使用「Mobile01」時，即表示您已閱讀、瞭解並同意接受本約定書之所有內容。「Mobile01」公司有權於任何時間修改或變更本約定書之內容，建議您隨時注意該等修改或變更。您於任何修改或變更後繼續使用「Mobile01」，視為您已閱讀、瞭解並同意接受該等修改或變更。<br style=\"box-sizing: border-box;\" /><br style=\"box-sizing: border-box;\" />若您為未滿十八歲，除應符合上述規定外，並應於您的家長（或監護人）閱讀、瞭解並同意本約定書之所有內容及其後修改變更後，方得使用或繼續使用「Mobile01」。當您使用或繼續使用「Mobile01」時，即表示您的家長（或監護人）已閱讀、瞭解並同意接受本約定書之所有內容及其後修改變更。</div>\r\n</li>\r\n<li style=\"box-sizing: border-box;\">\r\n<div class=\"l-heading\" style=\"box-sizing: border-box;\">\r\n<div class=\"l-heading__title\" style=\"box-sizing: border-box;\">您的註冊義務</div>\r\n</div>\r\n<div class=\"c-panel_content\" style=\"box-sizing: border-box;\">為了能使用本服務，您同意以下事項：\r\n<ul style=\"box-sizing: border-box; padding-left: 2rem; margin-top: 0px; margin-bottom: 0px;\">\r\n<li style=\"box-sizing: border-box;\">依本服務註冊表之提示提供您本人正確、最新及完整的資料。</li>\r\n<li style=\"box-sizing: border-box;\">維持並更新您個人資料，確保其為正確、最新及完整。若您提供任何錯誤或不實的資料，「Mobile01」有權暫停或終止您的帳號，並拒絕您使用本服務之全部或一部。</li>\r\n</ul>\r\n</div>\r\n</li>\r\n<li style=\"box-sizing: border-box;\">\r\n<div class=\"l-heading\" style=\"box-sizing: border-box;\">\r\n<div class=\"l-heading__title\" style=\"box-sizing: border-box;\">會員帳號、密碼及安全</div>\r\n</div>\r\n<div class=\"c-panel_content\" style=\"box-sizing: border-box;\">完成本服務的登記程序之後，您將收到一個密碼及帳號。維持密碼及帳號及身份證字號的機密安全，是您的責任。 利用該密碼及帳號及身份證字號所進行的一切行動，您將負完全的責任。您並同意以下事項：\r\n<ul style=\"box-sizing: border-box; padding-left: 2rem; margin-top: 0px; margin-bottom: 0px;\">\r\n<li style=\"box-sizing: border-box;\">您的密碼或帳號遭到盜用或有其他任何安全問題發生時，您將立即通知「Mobile01」。</li>\r\n<li style=\"box-sizing: border-box;\">每次連線完畢，均結束您的帳號使用。</li>\r\n</ul>\r\n</div>\r\n</li>\r\n<li style=\"box-sizing: border-box;\">\r\n<div class=\"l-heading\" style=\"box-sizing: border-box;\">\r\n<div class=\"l-heading__title\" style=\"box-sizing: border-box;\">兒童及青少年之保護</div>\r\n</div>\r\n<div class=\"c-panel_content\" style=\"box-sizing: border-box;\">為確保兒童及青少年使用網路的安全，並避免隱私權受到侵犯，家長（或監護人）應盡到下列義務：未滿十二歲之兒童使用「Mobile01」線上購物時，應全程在旁陪伴，十二歲以上未滿十八歲之青少年上網前亦應斟酌是否給予同意。</div>\r\n</li>\r\n<li style=\"box-sizing: border-box;\">\r\n<div class=\"l-heading\" style=\"box-sizing: border-box;\">\r\n<div class=\"l-heading__title\" style=\"box-sizing: border-box;\">使用者的守法義務及承諾</div>\r\n</div>\r\n<div class=\"c-panel_content\" style=\"box-sizing: border-box;\">您承諾絕不為任何非法目的或以任何非法方式使用「Mobile01」，並承諾遵守中華民國相關法規及一切使用網際網路之國際慣例。 您若係中華民國以外之使用者，並同意遵守所屬國家或地域之法令。您同意並保證不得利用本服務從事侵害他人權益或違法之行為，包括但不限於：\r\n<ul style=\"box-sizing: border-box; padding-left: 2rem; margin-top: 0px; margin-bottom: 0px;\">\r\n<li style=\"box-sizing: border-box;\">公布或傳送任何誹謗、侮辱、具威脅性、攻擊性、不雅、猥褻、不實、違反公共秩序或善良風俗或其他不法之文字、圖片或任何形式的檔案</li>\r\n<li style=\"box-sizing: border-box;\">侵害他人名譽、隱私權、營業秘密、商標權、著作權、專利權、其他智慧財產權及其他權利</li>\r\n<li style=\"box-sizing: border-box;\">違反依法律或契約所應負之保密義務</li>\r\n<li style=\"box-sizing: border-box;\">冒用他人名義使用本服務</li>\r\n<li style=\"box-sizing: border-box;\">傳輸或散佈電腦病毒</li>\r\n<li style=\"box-sizing: border-box;\">濫發廣告郵件</li>\r\n<li style=\"box-sizing: border-box;\">其他「Mobile01」有正當理由認為不適當之行為</li>\r\n</ul>\r\nMobile01」得依實際執行情形，增加、修改或終止相關活動，並選擇最適方式告知會員。</div>\r\n</li>\r\n<li style=\"box-sizing: border-box;\">\r\n<div class=\"l-heading\" style=\"box-sizing: border-box;\">\r\n<div class=\"l-heading__title\" style=\"box-sizing: border-box;\">發生下列情形之一時，「Mobile01」有權可以停止、中斷提供服務</div>\r\n</div>\r\n<div class=\"c-panel_content\" style=\"box-sizing: border-box;\">\r\n<ul style=\"box-sizing: border-box; padding-left: 2rem; margin-top: 0px; margin-bottom: 0px;\">\r\n<li style=\"box-sizing: border-box;\">「Mobile01」網站電子通信設備進行必要之保養及施工時發生突發性之電子通信設備故障時</li>\r\n<li style=\"box-sizing: border-box;\">「Mobile01」網站申請之電子通信服務被停止，無法提供服務時</li>\r\n<li style=\"box-sizing: border-box;\">由於天災等不可抗力之因素致使「Mobile01」網站無法提供服務時</li>\r\n</ul>\r\n</div>\r\n</li>\r\n<li style=\"box-sizing: border-box;\">\r\n<div class=\"l-heading\" style=\"box-sizing: border-box;\">\r\n<div class=\"l-heading__title\" style=\"box-sizing: border-box;\">交易行為</div>\r\n</div>\r\n<div class=\"c-panel_content\" style=\"box-sizing: border-box;\">會員同意其訂購行為，以「Mobile01」網站所示之電子交易資料為準，如有糾紛，並以該電子交易資料為認定標準。會員於訂購後倘任意大量退換貨，因已造成「Mobile01」作業上之困擾與損害，「Mobile01」可視情況採取拒絕交易或永久取消其會員資格辦理。</div>\r\n</li>\r\n<li style=\"box-sizing: border-box;\">\r\n<div class=\"l-heading\" style=\"box-sizing: border-box;\">\r\n<div class=\"l-heading__title\" style=\"box-sizing: border-box;\">廣告</div>\r\n</div>\r\n<div class=\"c-panel_content\" style=\"box-sizing: border-box;\">您在「Mobile01」上瀏覽到的所有廣告內容、文字與圖片之說明、展示樣品或其他銷售資訊，均由各該廣告商、產品與服務的供應商所設計與提出。您對於廣告之正確性與可信度應自行斟酌與判斷。「Mobile01」僅接受委託予以刊登，不對前述廣告負擔保責任。</div>\r\n</li>\r\n<li style=\"box-sizing: border-box;\">\r\n<div class=\"l-heading\" style=\"box-sizing: border-box;\">\r\n<div class=\"l-heading__title\" style=\"box-sizing: border-box;\">智慧財產權的保護</div>\r\n</div>\r\n<div class=\"c-panel_content\" style=\"box-sizing: border-box;\">「Mobile01」所使用之軟體或程式、網站上所有內容，包括但不限於著作、圖片、檔案、資訊、資料、網站架構、網站畫面的安排、網頁設計， 均由「Mobile01」或其他權利人依法擁有其智慧財產權，包括但不限於商標權、專利權、著作權、營業秘密與專有技術等。任何人不得逕自使用、 修改、重製、公開播送、改作、散布、發行、公開發表、進行還原工程、解編或反向組譯。若您欲引用或轉載前述軟體、程式或網站內容， 必須依法取得「Mobile01」或其他權利人的事前書面同意。尊重智慧財產權是您應盡的義務，如有違反，您應對「Mobile01」負損害賠償責任 （包括但不限於訴訟費用及律師費用等）。</div>\r\n</li>\r\n<li style=\"box-sizing: border-box;\">\r\n<div class=\"l-heading\" style=\"box-sizing: border-box;\">\r\n<div class=\"l-heading__title\" style=\"box-sizing: border-box;\">您對「Mobile01」之授權</div>\r\n</div>\r\n<div class=\"c-panel_content\" style=\"box-sizing: border-box;\">會員同意授權「Mobile01」，得為提供服務及贈獎之目的，提供必需之會員資料給合作夥伴(第三者)做約定範圍內之妥善使用，倘若會員不同意將其資料列於合作夥伴(第三者)產品或服務名單內，可以通知「Mobile01」，於名單中刪除其資料，同時放棄其「Mobile01」購物以外之優惠或獲獎權利。<br style=\"box-sizing: border-box;\" /><br style=\"box-sizing: border-box;\" />對於會員所登錄或留存之個人資料，會員同意「Mobile01」網站得於合理之範圍內蒐集、處理、保存、傳遞及使用該等資料，以提供使用者其他資訊或服務、或作成會員統計資料、或進行關於網路行為之調查或研究，或為任何之合法使用。<br style=\"box-sizing: border-box;\" /><br style=\"box-sizing: border-box;\" />若您無合法權利得授權他人使用、修改、重製、公開播送、改作、散布、發行、公開發表某資料，並將前述權利轉授權第三人，請勿擅自將該資料上載、傳送、輸入或提供至「Mobile01」。任何資料一經您上載、傳送、輸入或提供至「Mobile01」時，視為您已允許「Mobile01」無條件使用、修改、重製、公開播送、改作、散布、發行、公開發表該等資料，並得將前述權利轉授權他人，您對此絕無異議。您並應保證「Mobile01」使用、修改、重製、公開播送、改作、散布、發行、公開發表、轉授權該等資料，不致侵害任何第三人之智慧財產權，否則應對「Mobile01」負損害賠償責任（包括但不限於訴訟費用及律師費用等）。</div>\r\n</li>\r\n<li style=\"box-sizing: border-box;\">\r\n<div class=\"l-heading\" style=\"box-sizing: border-box;\">\r\n<div class=\"l-heading__title\" style=\"box-sizing: border-box;\">拒絕或終止您的使用</div>\r\n</div>\r\n<div class=\"c-panel_content\" style=\"box-sizing: border-box;\">您同意「Mobile01」得基於維護交易安全之考量，因任何理由，包含但不限於缺乏使用，或違反本服務條款的明文規定及精神，終止您的密碼、帳號（或其任何部分）或本服務之使用，並將本服務內任何「會員內容」加以移除並刪除，亦得已通知之情形下，隨時終止本服務或任何部分。此外，您同意若本服務之使用被終止，「Mobile01」對您或任何第三人均不承擔責任。</div>\r\n</li>\r\n<li style=\"box-sizing: border-box;\">\r\n<div class=\"l-heading\" style=\"box-sizing: border-box;\">\r\n<div class=\"l-heading__title\" style=\"box-sizing: border-box;\">準據法與管轄法院</div>\r\n</div>\r\n<div class=\"c-panel_content\" style=\"box-sizing: border-box;\">本約定書之解釋與適用，以及與本約定書有關的爭議，均應依照中華民國法律予以處理，並以台灣台北地方法院為第一審管轄法院。</div>\r\n</li>\r\n</ul>\r\n</div>\r\n</div>'),('3ce736cae0e74a6d97105a81d084c10f','<p>XXXXXXXXXXXXXXXXXX</p>\r\n<p>XXXXXXXXXXXXXXXXd</p>\r\n<p>XXXXXXXXXXXXXXXXXX</p>\r\n<p>XXXXXXXXXXXXXXXXXX</p>\r\n<p>XXXXXXXXXXXXXXXXXX</p>\r\n<p>XXXXXXXXXXXXXXXXXX</p>\r\n<p>&nbsp;</p>'),('3ce8062c232f44b5a83d049dd36f224b','<p style=\"box-sizing: border-box; margin: 0px; color: #404d60; font-family: Montserrat, sans-serif; font-size: 14px; background-color: #ffffff;\"><a style=\"box-sizing: border-box; -webkit-tap-highlight-color: transparent; color: #404d60;\" href=\"https://www.jetec.com.tw/DifferentialPressure\" target=\"_blank\" rel=\"noopener\"><img style=\"box-sizing: border-box; max-width: 100%; display: inline-block; vertical-align: middle;\" src=\"https://www.jetec.com.tw/sites/default/files/2022-05/DifferentialPressure1.png\" alt=\"差壓傳送器疫情持續延燒，因病毒主要以唾液、飛沫於空氣中進行快速傳播，於是針對重症感染者或一些醫療需求上，需使用到負壓病房情況大幅提升，然而環境負壓值、空氣純淨度對這種空間來說非常重要，在氣體交換過程中，必須時刻注意這些數值的變化，確保空間維持負壓狀態，以免帶有病毒的空氣外洩，才能保護醫療人員的安全。\" /></a></p>\r\n<p style=\"box-sizing: border-box; margin: 10px 0px 0px; color: #404d60; font-family: Montserrat, sans-serif; font-size: 14px; background-color: #ffffff;\"><a style=\"box-sizing: border-box; -webkit-tap-highlight-color: transparent; color: #404d60;\" href=\"https://www.jetec.com.tw/DifferentialPressure\" target=\"_blank\" rel=\"noopener\"><img style=\"box-sizing: border-box; max-width: 100%; display: inline-block; vertical-align: middle;\" src=\"https://www.jetec.com.tw/sites/default/files/2022-05/DifferentialPressure5.png\" alt=\"PEL差壓傳送器\" /></a></p>\r\n<p style=\"box-sizing: border-box; margin: 10px 0px 0px; color: #404d60; font-family: Montserrat, sans-serif; font-size: 14px; background-color: #ffffff;\"><a style=\"box-sizing: border-box; -webkit-tap-highlight-color: transparent; color: #404d60;\" href=\"https://www.jetec.com.tw/chinese/product1-2_PP.html\" target=\"_blank\" rel=\"noopener\"><img style=\"box-sizing: border-box; max-width: 100%; display: inline-block; vertical-align: middle;\" src=\"https://www.jetec.com.tw/sites/default/files/2022-05/DifferentialPressure3.png\" alt=\"PP-PK皮托管\" /></a></p>\r\n<p style=\"box-sizing: border-box; margin: 10px 0px 0px; color: #404d60; font-family: Montserrat, sans-serif; font-size: 14px; background-color: #ffffff;\"><a style=\"box-sizing: border-box; -webkit-tap-highlight-color: transparent; color: #404d60;\" href=\"https://www.jetec.com.tw/chinese/product1-1_JTCX40A.html\" target=\"_blank\" rel=\"noopener\"><img style=\"box-sizing: border-box; max-width: 100%; display: inline-block; vertical-align: middle;\" src=\"https://www.jetec.com.tw/sites/default/files/2022-05/DifferentialPressure4.png\" alt=\"JTC-X40大型顯示看板\" /></a></p>\r\n<p style=\"box-sizing: border-box; margin: 10px 0px 0px; color: #404d60; font-family: Montserrat, sans-serif; font-size: 14px; background-color: #ffffff;\">&nbsp;</p>\r\n<center style=\"box-sizing: border-box; color: #404d60; font-family: Montserrat, sans-serif; background-color: #ffffff; font-size: 16px;\"><a style=\"box-sizing: border-box; -webkit-tap-highlight-color: transparent; color: #404d60;\" href=\"https://www.jetec.com.tw/Contact-us\" target=\"_blank\" rel=\"nofollow noopener\">※洽詢壓差計,請聯絡我們 電話04-23729418 Email：sales@jetec.com.tw</a></center>'),('3e6f0a13b61d40cbb51236d97f9d83a8','<p><img style=\"max-width: 100%; height: auto;\" src=\"../file/a00841457dfb476a8df9ed3e2213fe2a.jpg\" /></p>\r\n<p>&nbsp;</p>'),('53c8cf47102b4971b74277aafbead56c','<p><span style=\"color: #0f0f0f; font-family: &Euml;&Icirc;&Igrave;&aring;, Arial, Helvetica; font-size: 14px;\">北國風光，千里冰封，萬里雪飄。</span><br style=\"color: #0f0f0f; font-family: &Euml;&Icirc;&Igrave;&aring;, Arial, Helvetica; font-size: 14px;\" /><span style=\"color: #0f0f0f; font-family: &Euml;&Icirc;&Igrave;&aring;, Arial, Helvetica; font-size: 14px;\">望長城內外，惟餘莽莽；大河上下，頓失滔滔。(餘 通：餘)</span><br style=\"color: #0f0f0f; font-family: &Euml;&Icirc;&Igrave;&aring;, Arial, Helvetica; font-size: 14px;\" /><span style=\"color: #0f0f0f; font-family: &Euml;&Icirc;&Igrave;&aring;, Arial, Helvetica; font-size: 14px;\">山舞銀蛇，原馳蠟象，欲與天公試比高。(原馳 原作：原驅)</span><br style=\"color: #0f0f0f; font-family: &Euml;&Icirc;&Igrave;&aring;, Arial, Helvetica; font-size: 14px;\" /><span style=\"color: #0f0f0f; font-family: &Euml;&Icirc;&Igrave;&aring;, Arial, Helvetica; font-size: 14px;\">須晴日，看紅裝素裹，分外妖嬈。(紅裝 一作：銀裝)</span><br style=\"color: #0f0f0f; font-family: &Euml;&Icirc;&Igrave;&aring;, Arial, Helvetica; font-size: 14px;\" /><span style=\"color: #0f0f0f; font-family: &Euml;&Icirc;&Igrave;&aring;, Arial, Helvetica; font-size: 14px;\">江山如此多嬌，引無數英雄競折腰。</span><br style=\"color: #0f0f0f; font-family: &Euml;&Icirc;&Igrave;&aring;, Arial, Helvetica; font-size: 14px;\" /><span style=\"color: #0f0f0f; font-family: &Euml;&Icirc;&Igrave;&aring;, Arial, Helvetica; font-size: 14px;\">惜秦皇漢武，略輸文采；唐宗宋祖，稍遜風騷。</span><br style=\"color: #0f0f0f; font-family: &Euml;&Icirc;&Igrave;&aring;, Arial, Helvetica; font-size: 14px;\" /><span style=\"color: #0f0f0f; font-family: &Euml;&Icirc;&Igrave;&aring;, Arial, Helvetica; font-size: 14px;\">一代天驕，成吉思汗，只識彎弓射大雕。</span><br style=\"color: #0f0f0f; font-family: &Euml;&Icirc;&Igrave;&aring;, Arial, Helvetica; font-size: 14px;\" /><span style=\"color: #0f0f0f; font-family: &Euml;&Icirc;&Igrave;&aring;, Arial, Helvetica; font-size: 14px;\">俱往矣，數風流人物，還看今朝。</span></p>'),('5f2f4f5958424c388b71ae22b8b1b3d6','<p class=\"sub\" style=\"padding: 0px; margin: 3px; color: #0f0f0f; line-height: 21px; font-family: &Euml;&Icirc;&Igrave;&aring;, Arial, Helvetica; font-size: 14px;\"><span style=\"line-height: 16px; color: #606060;\">朝代：</span><span style=\"line-height: 16px; color: #606060;\">明代</span></p>\r\n<p class=\"sub\" style=\"padding: 0px; margin: 3px; color: #0f0f0f; line-height: 21px; font-family: &Euml;&Icirc;&Igrave;&aring;, Arial, Helvetica; font-size: 14px;\"><span style=\"line-height: 16px; color: #606060;\">作者：</span><span style=\"line-height: 16px; color: #606060;\"><a style=\"color: #762a00; text-decoration-line: none; line-height: 16px;\" title=\"唐寅簡介\" href=\"https://fanti.dugushici.com/ancient_authors/532\">唐寅</a></span></p>\r\n<p class=\"sub\" style=\"padding: 0px; margin: 3px; color: #0f0f0f; line-height: 21px; font-family: &Euml;&Icirc;&Igrave;&aring;, Arial, Helvetica; font-size: 14px;\"><span style=\"line-height: 16px; color: #606060;\">原文：</span></p>\r\n<div class=\"content\" style=\"padding: 0px; margin: 0px; color: #0f0f0f; font-family: &Euml;&Icirc;&Igrave;&aring;, Arial, Helvetica; font-size: 14px;\">桃花塢裏桃花庵，桃花庵下桃花仙。<br />桃花仙人種桃樹，又折花枝當酒錢。<br />酒醒只在花前坐，酒醉還須花下眠。<br />花前花後日復日，酒醉酒醒年復年。<br />不願鞠躬車馬前，但願老死花酒間。<br />車塵馬足貴者趣，酒盞花枝貧者緣。<br />若將富貴比貧賤，一在平地一在天。<br />若將貧賤比車馬，他得驅馳我得閒。<br />世人笑我忒瘋癲，我笑世人看不穿。<br />記得五陵豪傑墓，無酒無花鋤作田。</div>\r\n<div class=\"content\" style=\"padding: 0px; margin: 0px; color: #0f0f0f; font-family: &Euml;&Icirc;&Igrave;&aring;, Arial, Helvetica; font-size: 14px;\">=================================================================================================================</div>\r\n<div class=\"content\" style=\"padding: 0px; margin: 0px; color: #0f0f0f; font-family: &Euml;&Icirc;&Igrave;&aring;, Arial, Helvetica; font-size: 14px;\">\r\n<table>\r\n<tbody>\r\n<tr>\r\n<td style=\"padding: 0px 10px 0px 0px; margin: 0px; vertical-align: top;\"><img class=\"attachment ancient_author avatar\" style=\"border: none;\" title=\"唐寅\" src=\"https://fanti.dugushici.com/92427b72009e3aaa241c32b78e0f81f0b289c806/store/8db54b396e10895a3a3521c381ec92689623e3a4d5aece6f5c8bb9350d53/avatar\" alt=\"唐寅\" width=\"105\" height=\"150\" /></td>\r\n<td style=\"padding: 0px; margin: 0px;\"><span style=\"line-height: 16px;\">&nbsp;&nbsp;&nbsp;&nbsp;唐寅（1470&mdash;1523），字伯虎，一字子畏，號六如居士、桃花庵主、魯國唐生、逃禪仙吏等，漢族，南直隸蘇州吳縣人。明代著名畫家、文學家。據傳他於明憲宗成化六年庚寅年寅月寅日寅時生。他玩世不恭而又才氣橫溢，詩文擅名，與祝允明、文徵明、徐禎卿並稱&ldquo;江南四大才子（吳門四才子）&rdquo;，畫名更著，與沈周、文徵明、仇英並稱&ldquo;吳門四家&rdquo;。</span></td>\r\n</tr>\r\n</tbody>\r\n</table>\r\n</div>'),('5f982ad79da942e19ae602ed96d29cf8','<p class=\"sub\" style=\"padding: 0px; margin: 3px; color: #0f0f0f; line-height: 21px; font-family: &Euml;&Icirc;&Igrave;&aring;, Arial, Helvetica; font-size: 14px;\"><span style=\"line-height: 16px; color: #606060;\">朝代：</span><span style=\"line-height: 16px; color: #606060;\">明代</span></p>\r\n<p class=\"sub\" style=\"padding: 0px; margin: 3px; color: #0f0f0f; line-height: 21px; font-family: &Euml;&Icirc;&Igrave;&aring;, Arial, Helvetica; font-size: 14px;\"><span style=\"line-height: 16px; color: #606060;\">作者：</span><span style=\"line-height: 16px; color: #606060;\"><a style=\"color: #762a00; text-decoration-line: none; line-height: 16px;\" title=\"唐寅簡介\" href=\"https://fanti.dugushici.com/ancient_authors/532\">唐寅</a></span></p>\r\n<p class=\"sub\" style=\"padding: 0px; margin: 3px; color: #0f0f0f; line-height: 21px; font-family: &Euml;&Icirc;&Igrave;&aring;, Arial, Helvetica; font-size: 14px;\"><span style=\"line-height: 16px; color: #606060;\">原文：</span></p>\r\n<div class=\"content\" style=\"padding: 0px; margin: 0px; color: #0f0f0f; font-family: &Euml;&Icirc;&Igrave;&aring;, Arial, Helvetica; font-size: 14px;\">桃花塢裏桃花庵，桃花庵下桃花仙。<br />桃花仙人種桃樹，又折花枝當酒錢。<br />酒醒只在花前坐，酒醉還須花下眠。<br />花前花後日復日，酒醉酒醒年復年。<br />不願鞠躬車馬前，但願老死花酒間。<br />車塵馬足貴者趣，酒盞花枝貧者緣。<br />若將富貴比貧賤，一在平地一在天。<br />若將貧賤比車馬，他得驅馳我得閒。<br />世人笑我忒瘋癲，我笑世人看不穿。<br />記得五陵豪傑墓，無酒無花鋤作田。</div>\r\n<div class=\"content\" style=\"padding: 0px; margin: 0px; color: #0f0f0f; font-family: &Euml;&Icirc;&Igrave;&aring;, Arial, Helvetica; font-size: 14px;\">=================================================================================================================</div>\r\n<div class=\"content\" style=\"padding: 0px; margin: 0px; color: #0f0f0f; font-family: &Euml;&Icirc;&Igrave;&aring;, Arial, Helvetica; font-size: 14px;\">\r\n<table>\r\n<tbody>\r\n<tr>\r\n<td style=\"padding: 0px 10px 0px 0px; margin: 0px; vertical-align: top;\"><img class=\"attachment ancient_author avatar\" style=\"border: none;\" title=\"唐寅\" src=\"https://fanti.dugushici.com/92427b72009e3aaa241c32b78e0f81f0b289c806/store/8db54b396e10895a3a3521c381ec92689623e3a4d5aece6f5c8bb9350d53/avatar\" alt=\"唐寅\" width=\"105\" height=\"150\" /></td>\r\n<td style=\"padding: 0px; margin: 0px;\"><span style=\"line-height: 16px;\">&nbsp;&nbsp;&nbsp;&nbsp;唐寅（1470&mdash;1523），字伯虎，一字子畏，號六如居士、桃花庵主、魯國唐生、逃禪仙吏等，漢族，南直隸蘇州吳縣人。明代著名畫家、文學家。據傳他於明憲宗成化六年庚寅年寅月寅日寅時生。他玩世不恭而又才氣橫溢，詩文擅名，與祝允明、文徵明、徐禎卿並稱&ldquo;江南四大才子（吳門四才子）&rdquo;，畫名更著，與沈周、文徵明、仇英並稱&ldquo;吳門四家&rdquo;。</span></td>\r\n</tr>\r\n</tbody>\r\n</table>\r\n</div>'),('6114b815c4e846258d11597edac12cc5','<p>AAAAAAAAAAAA</p>'),('686fcd5c91aa4f11b9f8cd37ea4888f1','<p><a style=\"box-sizing: border-box; -webkit-tap-highlight-color: transparent; color: #404d60; font-family: Montserrat, sans-serif; font-size: 14px; background-color: #ffffff;\" href=\"https://www.jetec.com.tw/AirQuality\" target=\"_blank\" rel=\"noopener\"><img style=\"box-sizing: border-box; max-width: 100%; display: inline-block; vertical-align: middle;\" src=\"https://www.jetec.com.tw/sites/default/files/2022-04/AirQualityDetection.png\" alt=\"人於每天約有80~90%的時間處於室內環境中，室內空氣污染物危害人體健康的議題逐漸被大家所重視，在密閉的建築物內，如果室內通氣量不足時，污染物就容易蓄積而導致室內空氣品質惡化。久德提供能偵測溫濕度、二氧化碳、PM2.5、人體舒適度參考及降雨率的空氣品質偵測器，隨時監控環境空氣品質，\r\n讓您保持良好的生活及工作環境。\" /></a></p>'),('6978bff5c83b4893bf8aa0739df9b4aa','<p style=\"box-sizing: border-box; margin: 0px; color: #404d60; font-family: Montserrat, sans-serif; font-size: 14px; background-color: #ffffff;\"><a style=\"box-sizing: border-box; -webkit-tap-highlight-color: transparent; color: #404d60;\" href=\"https://www.jetec.com.tw/news/20220613\" target=\"_blank\" rel=\"noopener\"><img style=\"box-sizing: border-box; max-width: 100%; display: inline-block; vertical-align: middle;\" src=\"https://www.jetec.com.tw/sites/default/files/2022-06/HK1.png\" alt=\"暖通空調(HVAC) 建築自動化 解決方案 人們將近 90% 的時間都在室內度過，保持健康的空氣是生活的先決條件之一，良好的室內空氣狀態除了能保持健康、能量水平外，對於工業產線上的產能也有良好的提升，維持無塵室或負壓病房中的良好空氣，更可節省醫療保健和建築維護的成本。\" /></a></p>\r\n<p style=\"box-sizing: border-box; margin: 10px 0px 0px; color: #404d60; font-family: Montserrat, sans-serif; font-size: 14px; background-color: #ffffff;\"><a style=\"box-sizing: border-box; -webkit-tap-highlight-color: transparent; color: #404d60;\" href=\"https://www.jetec.com.tw/news/%E6%93%81%E6%9C%89%E8%B6%85%E9%81%8E30%E5%B9%B4%E7%9A%84%E9%A0%98%E5%9F%9F%E7%B6%93%E9%A9%97%EF%BC%8C%E6%8F%90%E4%BE%9B%E5%84%AA%E8%89%AF%E5%AE%A4%E5%85%A7%E7%A9%BA%E5%93%81%E8%88%87%E6%8F%90%E5%8D%87%E5%BB%BA%E7%AF%89%E7%89%A9%E4%B9%8B%E8%88%92%E9%81%A9%E6%80%A7%E7%9A%84%E8%A7%A3%E6%B1%BA%E6%96%B9%E6%A1%88%EF%BC%8C%E4%B8%A6%E5%AE%8C%E5%96%84%E9%81%94%E6%88%90%E5%81%A5%E5%BA%B7%E5%92%8C%E7%AF%80%E8%83%BD%E5%85%A9%E5%A4%A7%E7%9B%AE%E6%A8%99%EF%BC%8C%E6%B8%AC%E9%87%8F%E7%94%A2%E5%93%81%E9%AB%98%E5%BA%A6%E7%B2%BE%E7%A2%BA%E4%B8%94%E6%98%93%E6%96%BC%E4%BD%BF%E7%94%A8,%E4%B8%BB%E8%A6%81%E7%94%A8%E6%96%BC%E9%80%9A%E9%A2%A8%E5%92%8C%E6%A8%93%E5%AE%87%E8%87%AA%E5%8B%95%E5%8C%96%E7%B3%BB%E7%B5%B1%E4%B8%AD%E7%9A%84HVAC%E6%87%89%E7%94%A8\" target=\"_blank\" rel=\"noopener\"><img style=\"box-sizing: border-box; max-width: 100%; display: inline-block; vertical-align: middle;\" src=\"https://www.jetec.com.tw/sites/default/files/2022-06/HK2.png\" alt=\" \" /></a></p>'),('71ab7645b3f74ee0b3c81c3508ead9ff','<p>BBBBB</p>'),('71bdaaff75df43369a7c68dccb3857ff','<p>AAAAAAAAAAAAA</p>'),('79b785c427c94460b0f16759cbf94fc8','<p>網管測試網管測試網管測試 網管測試網管測試網管測試 網管測試網管測試網管測試</p>'),('a027e6b4d5514d118e9a55f298392e87','<p><a style=\"box-sizing: border-box; -webkit-tap-highlight-color: transparent; color: #404d60; font-family: Montserrat, sans-serif; font-size: 14px; background-color: #ffffff;\" href=\"https://www.jetec.com.tw/AirQuality\" target=\"_blank\" rel=\"noopener\"><img style=\"box-sizing: border-box; max-width: 100%; display: inline-block; vertical-align: middle;\" src=\"https://www.jetec.com.tw/sites/default/files/2022-04/AirQualityDetection.png\" alt=\"人於每天約有80~90%的時間處於室內環境中，室內空氣污染物危害人體健康的議題逐漸被大家所重視，在密閉的建築物內，如果室內通氣量不足時，污染物就容易蓄積而導致室內空氣品質惡化。久德提供能偵測溫濕度、二氧化碳、PM2.5、人體舒適度參考及降雨率的空氣品質偵測器，隨時監控環境空氣品質，\r\n讓您保持良好的生活及工作環境。\" /></a></p>'),('aa2228346ef744a28f8853fd3b3bae6c','<p><span style=\"font-family: \'Times New Roman\'; font-size: 18pt;\">晚風吹起你鬢間的白髮</span><br style=\"font-family: \'Times New Roman\'; font-size: 18px;\" /><span style=\"font-family: \'Times New Roman\'; font-size: 18pt;\">撫平回憶留下的疤</span><br style=\"font-family: \'Times New Roman\'; font-size: 18px;\" /><span style=\"font-family: \'Times New Roman\'; font-size: 18pt;\">你的眼中 明暗交雜 一笑生花</span><br style=\"font-family: \'Times New Roman\'; font-size: 18px;\" /><br style=\"font-family: \'Times New Roman\'; font-size: 18px;\" /><span style=\"font-family: \'Times New Roman\'; font-size: 18pt;\">我仍感嘆於世界之大</span><br style=\"font-family: \'Times New Roman\'; font-size: 18px;\" /><span style=\"font-family: \'Times New Roman\'; font-size: 18pt;\">也沉醉於兒時情話</span><br style=\"font-family: \'Times New Roman\'; font-size: 18px;\" /><span style=\"font-family: \'Times New Roman\'; font-size: 18pt;\">不剩真假 不做掙扎 無謂笑話</span><br style=\"font-family: \'Times New Roman\'; font-size: 18px;\" /><br style=\"font-family: \'Times New Roman\'; font-size: 18px;\" /><span style=\"font-family: \'Times New Roman\'; font-size: 18pt;\">我終將青春還給了她</span><br style=\"font-family: \'Times New Roman\'; font-size: 18px;\" /><span style=\"font-family: \'Times New Roman\'; font-size: 18pt;\">連同指尖彈出的盛夏</span><br style=\"font-family: \'Times New Roman\'; font-size: 18px;\" /><span style=\"font-family: \'Times New Roman\'; font-size: 18pt;\">心之所動 就隨風去啦</span><br style=\"font-family: \'Times New Roman\'; font-size: 18px;\" /><br style=\"font-family: \'Times New Roman\'; font-size: 18px;\" /><span style=\"font-family: \'Times New Roman\'; font-size: 18pt;\">以愛之名 你還願意嗎</span></p>'),('b33bd2a98bb94888a24c23fd352444aa','<p>網管測試網管測試網管測試 網管測試網管測試網管測試 網管測試網管測試網管測試</p>'),('c7ef0c899e0d4411bdfd40b8406eb2f4','<p style=\"box-sizing: border-box; margin: 0px; color: #404d60; font-family: Montserrat, sans-serif; font-size: 14px; background-color: #ffffff;\"><a style=\"box-sizing: border-box; -webkit-tap-highlight-color: transparent; color: #404d60;\" href=\"https://www.jetec.com.tw/news/20220613\" target=\"_blank\" rel=\"noopener\"><img style=\"box-sizing: border-box; max-width: 100%; display: inline-block; vertical-align: middle;\" src=\"https://www.jetec.com.tw/sites/default/files/2022-06/HK1.png\" alt=\"暖通空調(HVAC) 建築自動化 解決方案 人們將近 90% 的時間都在室內度過，保持健康的空氣是生活的先決條件之一，良好的室內空氣狀態除了能保持健康、能量水平外，對於工業產線上的產能也有良好的提升，維持無塵室或負壓病房中的良好空氣，更可節省醫療保健和建築維護的成本。\" /></a></p>\r\n<p style=\"box-sizing: border-box; margin: 10px 0px 0px; color: #404d60; font-family: Montserrat, sans-serif; font-size: 14px; background-color: #ffffff;\"><a style=\"box-sizing: border-box; -webkit-tap-highlight-color: transparent; color: #404d60;\" href=\"https://www.jetec.com.tw/news/%E6%93%81%E6%9C%89%E8%B6%85%E9%81%8E30%E5%B9%B4%E7%9A%84%E9%A0%98%E5%9F%9F%E7%B6%93%E9%A9%97%EF%BC%8C%E6%8F%90%E4%BE%9B%E5%84%AA%E8%89%AF%E5%AE%A4%E5%85%A7%E7%A9%BA%E5%93%81%E8%88%87%E6%8F%90%E5%8D%87%E5%BB%BA%E7%AF%89%E7%89%A9%E4%B9%8B%E8%88%92%E9%81%A9%E6%80%A7%E7%9A%84%E8%A7%A3%E6%B1%BA%E6%96%B9%E6%A1%88%EF%BC%8C%E4%B8%A6%E5%AE%8C%E5%96%84%E9%81%94%E6%88%90%E5%81%A5%E5%BA%B7%E5%92%8C%E7%AF%80%E8%83%BD%E5%85%A9%E5%A4%A7%E7%9B%AE%E6%A8%99%EF%BC%8C%E6%B8%AC%E9%87%8F%E7%94%A2%E5%93%81%E9%AB%98%E5%BA%A6%E7%B2%BE%E7%A2%BA%E4%B8%94%E6%98%93%E6%96%BC%E4%BD%BF%E7%94%A8,%E4%B8%BB%E8%A6%81%E7%94%A8%E6%96%BC%E9%80%9A%E9%A2%A8%E5%92%8C%E6%A8%93%E5%AE%87%E8%87%AA%E5%8B%95%E5%8C%96%E7%B3%BB%E7%B5%B1%E4%B8%AD%E7%9A%84HVAC%E6%87%89%E7%94%A8\" target=\"_blank\" rel=\"noopener\"><img style=\"box-sizing: border-box; max-width: 100%; display: inline-block; vertical-align: middle;\" src=\"https://www.jetec.com.tw/sites/default/files/2022-06/HK2.png\" alt=\" \" /></a></p>'),('ca17b5d24b5e4919812aa12e25991c2c','<p>網管測試網管測試網管測試 網管測試網管測試網管測試 網管測試網管測試網管測試</p>'),('cc32f5e1adfd4306b577396a8ac535e9','<p>AAAAAAAAAAAAAAAA</p>'),('d2ce74b02e3942baa02808a69d624b01','<p><img style=\"max-width: 100%; height: auto;\" src=\"../file/fa1f3a27add14a408abf9b0afde83c53.png\" /></p>\r\n<p>&nbsp;</p>'),('d4abbd7bafd449b78f57832058f8d9ce','<p>AAAAAAAAAAAA</p>'),('dbc565cc6b8a4333ab2427ebf9cd4a3c','<p>XXXXXXXXXXXXXXXXXX</p>\r\n<p>XXXXXXXXXXXXXXXX</p>\r\n<p>XXXXXXXXXXXXXXXXXX</p>\r\n<p>XXXXXXXXXXXXXXXXXX</p>\r\n<p>XXXXXXXXXXXXXXXXXX</p>\r\n<p>XXXXXXXXXXXXXXXXXX</p>\r\n<p>&nbsp;</p>'),('de48e8df6ace4cb18a848cb1c3f1b536','<p style=\"box-sizing: border-box; margin: 0px; color: #404d60; font-family: Montserrat, sans-serif; font-size: 14px; background-color: #ffffff;\"><a style=\"box-sizing: border-box; -webkit-tap-highlight-color: transparent; color: #404d60;\" href=\"https://www.jetec.com.tw/chinese/product1-1_JTCX40A.html\" target=\"_blank\" rel=\"noopener\"><img style=\"box-sizing: border-box; max-width: 100%; display: inline-block; vertical-align: middle;\" src=\"https://www.jetec.com.tw/sites/default/files/2022-05/JTC-X40_01.png\" alt=\"工程傷害的發生往往與環境因素有著極大的關聯，因氣候環境而造成施工人員發生意外事故的新聞時有所聞，施工的環境品質，不僅關係到作業人員的人身安全外，也會影響整個工期的施工進度 。 \" /></a></p>\r\n<p style=\"box-sizing: border-box; margin: 10px 0px 0px; color: #404d60; font-family: Montserrat, sans-serif; font-size: 14px; background-color: #ffffff;\"><a style=\"box-sizing: border-box; -webkit-tap-highlight-color: transparent; color: #404d60;\" href=\"https://www.jetec.com.tw/chinese/product1-1_JTCX40A.html\" target=\"_blank\" rel=\"noopener\"><img style=\"box-sizing: border-box; max-width: 100%; display: inline-block; vertical-align: middle;\" src=\"https://www.jetec.com.tw/sites/default/files/2022-05/JTC-X40_02.png\" alt=\"溫度、濕度：溫濕度為一般人判斷天氣狀況最直接的數值，對於長期暴露室外環境下的施工作業人員更可以將其作為施工與否的依據，當溫濕度過高則可能會導致不利戶外作業的狀況，對於雇主更可將其作為是否出班的準則之一。熱指數：熱指數為一考量包含多種環境因素交互影響的係數，是一種比起溫度更貼近人體感受的參數，當熱指數過高則可能對人體造成相當的熱傷害，如中暑、熱暈厥、熱衰竭等，近年來，熱指數議題也逐漸受到政府重視，在工安方面也將其做為一出班的依據準則。粉塵：在施工過程中，往往會導致大量飛塵產生，吸入過量的粉塵除了會導致肺癌等呼吸道相關疾病，也可能會導致其他數種癌症，潛伏期長達數十年，看不見的粉塵要如何有效控管，除了精準量測現場空氣狀況外，如何即時的告知現場人員進行排解則是關鍵。\" /></a></p>\r\n<p style=\"box-sizing: border-box; margin: 10px 0px 0px; color: #404d60; font-family: Montserrat, sans-serif; font-size: 14px; background-color: #ffffff;\"><a style=\"box-sizing: border-box; -webkit-tap-highlight-color: transparent; color: #404d60;\" href=\"https://www.jetec.com.tw/chinese/product1-1_JTCX40A.html\" target=\"_blank\" rel=\"noopener\"><img style=\"box-sizing: border-box; max-width: 100%; display: inline-block; vertical-align: middle;\" src=\"https://www.jetec.com.tw/sites/default/files/2022-05/JTC-X40_03.png\" alt=\"風速：高空作業中，若瞬時風速過大，可能會造成嚴重的人員與財產損失，現行勞工安全衛生法中明令，平均風速達十分鐘10m/s以上的強風，雇主應立即停止作業以保障施工安全。噪音：近年來因職業安全衛生意識日益提高，致使勞工暴露於噪音作業環境導致之聽力損失，深受各界重視，針對噪音議題，國內法令已有相當的規範，若施工噪音持續未改善，政府也將祭出相對罰則。\" /></a></p>\r\n<p style=\"box-sizing: border-box; margin: 10px 0px 0px; color: #404d60; font-family: Montserrat, sans-serif; font-size: 14px; background-color: #ffffff;\"><a style=\"box-sizing: border-box; -webkit-tap-highlight-color: transparent; color: #404d60;\" href=\"https://www.jetec.com.tw/chinese/product1-1_JTCX40A.html\" target=\"_blank\" rel=\"noopener\"><img style=\"box-sizing: border-box; max-width: 100%; display: inline-block; vertical-align: middle;\" src=\"https://www.jetec.com.tw/sites/default/files/2022-05/JTC-X40_04.gif\" alt=\"工程偵測環境系統應用\r\n久德提供工程偵測環境系統應用，搭配大型顯示器，能顯示施工環境中的偵測數值，使業主能快速針對現場施工安全狀況進行評估，另可以增加蜂鳴器及聲光語音警報系統，於施工吵雜環境中，提供更直觀清晰的警報提醒。\" /></a></p>\r\n<p style=\"box-sizing: border-box; margin: 10px 0px 0px; color: #404d60; font-family: Montserrat, sans-serif; font-size: 14px; background-color: #ffffff;\"><a style=\"box-sizing: border-box; -webkit-tap-highlight-color: transparent; color: #404d60;\" href=\"https://www.jetec.com.tw/chinese/product1-1_JTCX40A.html\" target=\"_blank\" rel=\"noopener\"><img style=\"box-sizing: border-box; max-width: 100%; display: inline-block; vertical-align: middle;\" src=\"https://www.jetec.com.tw/sites/default/files/2022-05/JTC-X40_05.png\" alt=\"蜂鳴警報：增設蜂鳴器、聲光或語音系統，使在吵雜環境中仍能清晰聽見多樣輸入/出：輸入：供RTD、Thermocouple、 類比與數位訊號輸出：Relay乾接點 、4-20mA、 RS485、Bluetooth、WiFi等通訊\" /></a></p>\r\n<p style=\"box-sizing: border-box; margin: 10px 0px 0px; color: #404d60; font-family: Montserrat, sans-serif; font-size: 14px; background-color: #ffffff;\"><a style=\"box-sizing: border-box; -webkit-tap-highlight-color: transparent; color: #404d60;\" href=\"https://www.jetec.com.tw/chinese/product1-1_JTCX40A.html\" target=\"_blank\" rel=\"noopener\"><img style=\"box-sizing: border-box; max-width: 100%; display: inline-block; vertical-align: middle;\" src=\"https://www.jetec.com.tw/sites/default/files/2022-05/JTC-X40_06.png\" alt=\"導入系統的優勢\r\n1吵雜工地環境：增設警報燈、蜂鳴器與語音提醒等聲光警報，在此環境中，能清晰提醒\r\n2.高亮度或太陽底下的環境：高亮度LED燈條，於陽光下或陰暗處都能清晰顯示\r\n3.遠端監測/記錄：能即時監測提供數據記錄與警報功能4.可免去複雜佈線：不用過多的線條連接，能快速拆卸與安裝，電源供應為110~240V\" /></a></p>\r\n<p style=\"box-sizing: border-box; margin: 10px 0px 0px; color: #404d60; font-family: Montserrat, sans-serif; font-size: 14px; background-color: #ffffff;\"><a style=\"box-sizing: border-box; -webkit-tap-highlight-color: transparent; color: #404d60;\" href=\"https://www.jetec.com.tw/chinese/2020/11/product3-1_JoinSystem.html\" target=\"_blank\" rel=\"noopener\"><img style=\"box-sizing: border-box; max-width: 100%; display: inline-block; vertical-align: middle;\" src=\"https://www.jetec.com.tw/sites/default/files/2022-05/JTC-X40_07.png\" alt=\"後端軟體應用方案\r\n有線型j-MoniSoft：搭配j-MoniSoft軟體，能快速掌握環境偵測數值的趨勢，軟體能繪製過去3小時的趨勢曲線圖，具單位、警報開關的相關設定，也提供記錄功能，自動生成.CSV檔，已供後續記錄與使用。6通道、基本參數設定、記錄功能、趨勢圖繪製、警報通知、資料匯出(.csv)、警報搜尋(.csv)(Pro)、匯出.xlsx檔(Pro)、E-mail警報通知(Pro)\r\n雲端JOIN-CLOUD：搭配JOIN-CLOUD軟體，透過WiFi可以搭配免費APP，使數值傳至行動裝置，在外地也能監看環境數值，當環境中到達警報設定點，將會寄送Mail或Line警報通知，即時聯絡現場施工人員。即時監測與控制、設置遠程/本地Relay乾接點、能存取/分享數據記錄及歷史圖表、提供免費APP、設置警報上/下限、即時寄送Mail/Line警報通知\" /></a></p>\r\n<p style=\"box-sizing: border-box; margin: 10px 0px 0px; color: #404d60; font-family: Montserrat, sans-serif; font-size: 14px; background-color: #ffffff;\"><a style=\"box-sizing: border-box; -webkit-tap-highlight-color: transparent; color: #404d60;\" href=\"https://www.jetec.com.tw/chinese/product1-1_JTCX40A.html\" target=\"_blank\" rel=\"noopener\"><img style=\"box-sizing: border-box; max-width: 100%; display: inline-block; vertical-align: middle;\" src=\"https://www.jetec.com.tw/sites/default/files/2022-05/JTC-X40_08.png\" alt=\"\" /></a></p>\r\n<div class=\"row\" style=\"box-sizing: border-box; display: flex; flex-wrap: wrap; margin-right: -15px; margin-left: -15px; margin-top: 30px; color: #404d60; font-family: Montserrat, sans-serif; font-size: 14px; background-color: #ffffff;\">\r\n<div class=\"col-lg-4\" style=\"box-sizing: border-box; position: relative; width: 246.656px; min-height: 1px; padding-right: 15px; padding-left: 15px; flex: 0 0 33.3333%; max-width: 33.3333%;\"><a style=\"box-sizing: border-box; -webkit-tap-highlight-color: transparent; color: #404d60;\" href=\"https://www.jetec.com.tw/news/20211117\" target=\"_blank\" rel=\"noopener\"><img style=\"box-sizing: border-box; max-width: 100%; display: inline-block; vertical-align: middle;\" src=\"https://www.jetec.com.tw/sites/default/files/2022-05/JTC-X40_09_01.gif\" alt=\"平均風速警示系統\" /></a></div>\r\n<div class=\"col-lg-4\" style=\"box-sizing: border-box; position: relative; width: 246.656px; min-height: 1px; padding-right: 15px; padding-left: 15px; flex: 0 0 33.3333%; max-width: 33.3333%;\"><a style=\"box-sizing: border-box; -webkit-tap-highlight-color: transparent; color: #404d60;\" href=\"https://www.jetec.com.tw/news/HeatDamage\" target=\"_blank\" rel=\"noopener\"><img style=\"box-sizing: border-box; max-width: 100%; display: inline-block; vertical-align: middle;\" src=\"https://www.jetec.com.tw/sites/default/files/2022-05/JTC-X40_09_02.gif\" alt=\"熱傷害\" /></a></div>\r\n<div class=\"col-lg-4\" style=\"box-sizing: border-box; position: relative; width: 246.656px; min-height: 1px; padding-right: 15px; padding-left: 15px; flex: 0 0 33.3333%; max-width: 33.3333%;\"><a style=\"box-sizing: border-box; -webkit-tap-highlight-color: transparent; color: #404d60;\" href=\"https://www.jetec.com.tw/news/20210610\" target=\"_blank\" rel=\"noopener\"><img style=\"box-sizing: border-box; max-width: 100%; display: inline-block; vertical-align: middle;\" src=\"https://www.jetec.com.tw/sites/default/files/2022-05/JTC-X40_09_03.png\" alt=\"河川水位預警\" /></a></div>\r\n</div>\r\n<p style=\"box-sizing: border-box; margin: 15px 0px 0px; color: #404d60; font-family: Montserrat, sans-serif; font-size: 14px; background-color: #ffffff;\">&nbsp;</p>\r\n<center style=\"box-sizing: border-box; color: #404d60; font-family: Montserrat, sans-serif; background-color: #ffffff; font-size: 16px;\"><a style=\"box-sizing: border-box; -webkit-tap-highlight-color: transparent; color: #404d60;\" href=\"https://www.jetec.com.tw/Contact-us\" target=\"_blank\" rel=\"nofollow noopener\">※洽詢大顯顯示看板,請聯絡我們 電話04-23729418 Email：sales@jetec.com.tw</a></center>'),('f0a07b8457be491b819701819061b227','<p><span style=\"color: #222222; font-family: Arial, \'Microsoft JhengHei\', Helvetica, sans-serif; font-size: 16px; background-color: #ffffff;\">Mobile01 討論區規則，並同時適用於會員名稱、會員個人頭像、會員個人簽名檔及私人訊息</span><br style=\"box-sizing: border-box; color: #222222; font-family: Arial, \'Microsoft JhengHei\', Helvetica, sans-serif; font-size: 16px; background-color: #ffffff;\" /><span style=\"color: #222222; font-family: Arial, \'Microsoft JhengHei\', Helvetica, sans-serif; font-size: 16px; background-color: #ffffff;\">本站對會員發布的文字、圖片或檔案保有片面修改或移除的權利。當會員使用本網站服務時，代表會員已經詳細閱讀並完全了解，並同意配合下述規定：</span><br style=\"box-sizing: border-box; color: #222222; font-family: Arial, \'Microsoft JhengHei\', Helvetica, sans-serif; font-size: 16px; background-color: #ffffff;\" /><span style=\"color: #222222; font-family: Arial, \'Microsoft JhengHei\', Helvetica, sans-serif; font-size: 16px; background-color: #ffffff;\">1. 請勿一文多貼或是大意內容相同/類似的文章重覆刊登。</span><br style=\"box-sizing: border-box; color: #222222; font-family: Arial, \'Microsoft JhengHei\', Helvetica, sans-serif; font-size: 16px; background-color: #ffffff;\" /><span style=\"color: #222222; font-family: Arial, \'Microsoft JhengHei\', Helvetica, sans-serif; font-size: 16px; background-color: #ffffff;\">2. 請勿在Mobile01公開 您的個人Line ID、電子信箱、聯絡電話...等任何可能被搜尋到的個人資訊。</span><br style=\"box-sizing: border-box; color: #222222; font-family: Arial, \'Microsoft JhengHei\', Helvetica, sans-serif; font-size: 16px; background-color: #ffffff;\" /><span style=\"color: #222222; font-family: Arial, \'Microsoft JhengHei\', Helvetica, sans-serif; font-size: 16px; background-color: #ffffff;\">3. 發表及回應文章，請不要文不對題，故意離題或語意不明，選字要正確。</span><br style=\"box-sizing: border-box; color: #222222; font-family: Arial, \'Microsoft JhengHei\', Helvetica, sans-serif; font-size: 16px; background-color: #ffffff;\" /><span style=\"color: #222222; font-family: Arial, \'Microsoft JhengHei\', Helvetica, sans-serif; font-size: 16px; background-color: #ffffff;\">4. 除Mobile01外，任何人不得發起團購與問卷調查行為，包括公開發表文章與使用私人訊息。</span><br style=\"box-sizing: border-box; color: #222222; font-family: Arial, \'Microsoft JhengHei\', Helvetica, sans-serif; font-size: 16px; background-color: #ffffff;\" /><span style=\"color: #222222; font-family: Arial, \'Microsoft JhengHei\', Helvetica, sans-serif; font-size: 16px; background-color: #ffffff;\">5. 尊重智慧財產權，嚴禁發文要求提供或討論破解軟體、註冊碼、音樂、影片、軟體複製...等文章。</span><br style=\"box-sizing: border-box; color: #222222; font-family: Arial, \'Microsoft JhengHei\', Helvetica, sans-serif; font-size: 16px; background-color: #ffffff;\" /><span style=\"color: #222222; font-family: Arial, \'Microsoft JhengHei\', Helvetica, sans-serif; font-size: 16px; background-color: #ffffff;\">6. 發言涉及攻擊、侮辱、影射或其他有違社會善良風俗、社會正義、國家安全、政府法令之內容，文章會進行處理。</span><br style=\"box-sizing: border-box; color: #222222; font-family: Arial, \'Microsoft JhengHei\', Helvetica, sans-serif; font-size: 16px; background-color: #ffffff;\" /><span style=\"color: #222222; font-family: Arial, \'Microsoft JhengHei\', Helvetica, sans-serif; font-size: 16px; background-color: #ffffff;\">7. 刪除自己過往發言內容者，文章會進行處理。</span><br style=\"box-sizing: border-box; color: #222222; font-family: Arial, \'Microsoft JhengHei\', Helvetica, sans-serif; font-size: 16px; background-color: #ffffff;\" /><span style=\"color: #222222; font-family: Arial, \'Microsoft JhengHei\', Helvetica, sans-serif; font-size: 16px; background-color: #ffffff;\">8. 請勿以發文、回文、私人訊息或簽名檔等方式，進行商業廣告、騷擾網友...等違反版規行為。</span><br style=\"box-sizing: border-box; color: #222222; font-family: Arial, \'Microsoft JhengHei\', Helvetica, sans-serif; font-size: 16px; background-color: #ffffff;\" /><span style=\"color: #222222; font-family: Arial, \'Microsoft JhengHei\', Helvetica, sans-serif; font-size: 16px; background-color: #ffffff;\">9. 請勿在討論區發表商業性質廣告或是為特定網站宣傳。</span><br style=\"box-sizing: border-box; color: #222222; font-family: Arial, \'Microsoft JhengHei\', Helvetica, sans-serif; font-size: 16px; background-color: #ffffff;\" /><span style=\"color: #222222; font-family: Arial, \'Microsoft JhengHei\', Helvetica, sans-serif; font-size: 16px; background-color: #ffffff;\">10. 發表抱怨文章或維修相關文章未附實體照片或維修單據，文章會進行處理。</span></p>'),('f33323858c2d4af6800be1c2710af175','<p>AAA</p>');
/*!40000 ALTER TABLE `article_content` ENABLE KEYS */;
UNLOCK TABLES;

--
-- Table structure for table `article_reply`
--

DROP TABLE IF EXISTS `article_reply`;
/*!40101 SET @saved_cs_client     = @@character_set_client */;
/*!50503 SET character_set_client = utf8mb4 */;
CREATE TABLE `article_reply` (
  `replyid` char(32) NOT NULL COMMENT 'id',
  `articleid` char(32) NOT NULL COMMENT '文章id',
  `memberid` char(32) DEFAULT NULL COMMENT '回復人id',
  `membername` varchar(100) DEFAULT NULL COMMENT '回復人名',
  `content` mediumtext NOT NULL COMMENT '內容',
  `createtime` varchar(20) DEFAULT NULL,
  `num` int DEFAULT NULL COMMENT '回復數',
  `state` varchar(10) DEFAULT NULL,
  `update_time` datetime DEFAULT CURRENT_TIMESTAMP ON UPDATE CURRENT_TIMESTAMP,
  `create_time` datetime DEFAULT CURRENT_TIMESTAMP,
  PRIMARY KEY (`replyid`)
) ENGINE=InnoDB DEFAULT CHARSET=utf8mb4 COLLATE=utf8mb4_0900_ai_ci COMMENT='文章回復';
/*!40101 SET character_set_client = @saved_cs_client */;

--
-- Dumping data for table `article_reply`
--

LOCK TABLES `article_reply` WRITE;
/*!40000 ALTER TABLE `article_reply` DISABLE KEYS */;
INSERT INTO `article_reply` VALUES ('0664d1c44c0f44ef8a2099040aaa186f','b13c47da99fc4d99ae253800ca70e8a3','609eb996f31c4442b586a3c3430ba53f','AAA','DDD','2022-05-25 16:45',NULL,'允許','2022-06-20 08:56:46','2022-06-20 09:02:06'),('0e320a747c464d658fd2fd6899579bce','2222f5521d8a48e8a2b5e5d3c784b4dd','609eb996f31c4442b586a3c3430ba53f','AAA','<p>BBBB</p>','2022-06-30 14:42',NULL,NULL,'2022-06-30 15:17:27','2022-06-30 14:42:56'),('12803d8457a9492e87ed5ebdbad763c5','2222f5521d8a48e8a2b5e5d3c784b4dd','609eb996f31c4442b586a3c3430ba53f','AAA','<p>QQQ</p>','2022-06-28 15:30',2,NULL,'2022-06-28 15:30:27','2022-06-28 15:30:27'),('1a409aa767c54b29b09e733295da7fa8','2e1044e6235e420594befadc47bd12a9','e9c17dfd095c45df99ef3034168fe06c','BBB','<p>AAAAA</p>','2022-06-24 10:52',1,NULL,'2022-06-24 10:52:44','2022-06-24 10:52:44'),('28641adb28c54b609bbf8942a6b44ea3','b13c47da99fc4d99ae253800ca70e8a3','609eb996f31c4442b586a3c3430ba53f','AAA','ssss','2022-05-25 17:11',NULL,'允許','2022-06-20 08:56:46','2022-06-20 09:02:06'),('2e6b13aaa7f34bb490a6c38960b9c7b0','2222f5521d8a48e8a2b5e5d3c784b4dd','609eb996f31c4442b586a3c3430ba53f','AAA','<p>BBBB</p>\r\n<p>AAAA</p>\r\n<p>CCCC</p>\r\n<p>DDDD</p>','2022-06-30 14:36',NULL,NULL,'2022-06-30 14:56:17','2022-06-30 14:36:27'),('35dac07fab9846c3b1a59af11c6a7f36','097c660b9413446caf1fcfbf35585015','e9c17dfd095c45df99ef3034168fe06c','BBB','<p>BBBBBBBBBB</p>','2022-06-24 11:54',5,NULL,'2022-06-24 11:54:13','2022-06-24 11:54:13'),('360683baede04ca5b88eb5a840819eaa','bfd8325398e846fcb031fb686e064611','609eb996f31c4442b586a3c3430ba53f','AAA','BBBBBBBBBBBBBBBBBBBBBBBBBBBBBBBBBBBBBBBBBBBBBBBBBBBBBBBBBBBBBBBBBBBBBBBBBBBBBBBBBBBBBBBBBBBBBBBBBBBB','2022-06-07 13:06',NULL,'允許','2022-06-20 08:56:46','2022-06-20 09:02:06'),('381b97c1a67c4b0fa41cfb9c9611a367','bfd8325398e846fcb031fb686e064611','609eb996f31c4442b586a3c3430ba53f','AAA','CCCCCCCCCCCCCCCCCCCCCCCCCCCCCCCCCCCCCC','2022-06-07 13:11',NULL,'允許','2022-06-20 08:56:46','2022-06-20 09:02:06'),('4010be3e410946e5a1930ee781019d02','b13c47da99fc4d99ae253800ca70e8a3','609eb996f31c4442b586a3c3430ba53f','AAA','666','2022-05-25 17:09',NULL,'允許','2022-06-20 08:56:46','2022-06-20 09:02:06'),('457b73e7da7843d096ddf750cba6e150','2222f5521d8a48e8a2b5e5d3c784b4dd','609eb996f31c4442b586a3c3430ba53f','AAA','<p>===😃===🔢====😀===</p>','2022-06-30 14:42',NULL,NULL,'2022-06-30 15:07:24','2022-06-30 14:39:11'),('46df9b017c7e458aaba1494c147b089f','097c660b9413446caf1fcfbf35585015','609eb996f31c4442b586a3c3430ba53f','AAA','<p>CCCCCCCCCCCCCCCCCCCCCCCCCCCCCCCCCCCCCCCCCCCCCCCCCCCCCCCCCCCCCCCCCCCCCCCCCCCCCCCCCCCCCCCCCCCCCCCCCCCCCCCCCCCCCCCCCCCCCCCCCCCCCCCCCCCCCCCCCCCCCCCCCCCCCCCCCCCCCCCCCCCCCCCCCCCCCCCCCCCCCCCCCCCCCCCCCCCCCCCCCCCCCCCCCCCCCCCCCCCCCCCCCCCCCCCCCCCCCCCCCCCCCCCCCCCCCCCCCCCCCCCCCCCCCC</p>','2022-06-07 13:02',3,'允許','2022-06-20 08:56:46','2022-06-20 09:02:06'),('487b14886f444b8f8da06697a1c72edf','2222f5521d8a48e8a2b5e5d3c784b4dd','609eb996f31c4442b586a3c3430ba53f','AAA','<p>!!!!!!!!!!!</p>','2022-06-28 15:29',NULL,NULL,'2022-06-30 14:48:54','2022-06-28 15:29:50'),('4d18264185cc40b7a0dcdfcaa973551d','2222f5521d8a48e8a2b5e5d3c784b4dd','609eb996f31c4442b586a3c3430ba53f','AAA','<p>AAA</p>','2022-06-30 15:17',6,NULL,'2022-06-30 15:17:43','2022-06-30 15:17:43'),('597da5e40e5541c597f0bf5af70234f6','f3d4cd81a57a4f958411c12037d15e7b','e9c17dfd095c45df99ef3034168fe06c','BBB','BBBBBBBBB','2022-06-24 11:17',NULL,NULL,'2022-06-24 11:17:01','2022-06-24 11:17:01'),('6aa33d79fa0f49cb83b9d339cd72a839','097c660b9413446caf1fcfbf35585015','609eb996f31c4442b586a3c3430ba53f','AAA','<p>BBBBBBBBBBBBBBBBBBBBBBBBBBBBBBBBBBBBBBBBBBBBBBBBBBBBBBBBBBBBBBBBBBBBBBBBBBBBBBBBBBBBBBBBBBBBBBBBBBBBBBBBBBBBBBBBBBBBBBBBBBBBBBBBBBBBBBBBBBBBBBBBBBBBBBBBBBBBBBBBBBBBBBBBBBBBBBBBBBBBBBBBBBBBBBBBBBBBBBBBBBBBBBBBBBBBBBBBBBBBBBBBBBBBBBBBBBBBBBBBBBBBBBBBBBBBBBBBBBBBBBBBBBBBBBBBBBBBBBBBBBBBBBBBBBBBBBBBBBBBBBBBBBBBBBBBBBBBBBBBBBBBBBB</p>','2022-06-07 11:56',2,'允許','2022-06-20 08:56:46','2022-06-20 09:02:06'),('6f2abe1e9cd24ef299b46176338d164a','b13c47da99fc4d99ae253800ca70e8a3','609eb996f31c4442b586a3c3430ba53f','AAA','dddd','2022-05-25 17:09',NULL,'允許','2022-06-20 08:56:46','2022-06-20 09:02:06'),('7272f0038595453cb11e75182821e81a','b13c47da99fc4d99ae253800ca70e8a3','609eb996f31c4442b586a3c3430ba53f','AAA','FFF','2022-05-25 16:46',NULL,'允許','2022-06-20 08:56:46','2022-06-20 09:02:06'),('7362585d01f2493db99f218aa06e4fe2','a3956ac9e047409b9b55b666f50d3e6c','609eb996f31c4442b586a3c3430ba53f','AAA','AAA','2022-05-25 17:14',NULL,'允許','2022-06-20 08:56:46','2022-06-20 09:02:06'),('7d413a836f5d4204a35205ec40ce494c','a3956ac9e047409b9b55b666f50d3e6c','609eb996f31c4442b586a3c3430ba53f','AAA','VVV','2022-05-25 16:44',NULL,'允許','2022-06-20 08:56:46','2022-06-20 09:02:06'),('91366fb8363f4941affa5e42a68e3036','f0a07b8457be491b819701819061b227','609eb996f31c4442b586a3c3430ba53f','AAA','<div class=\"section1\" style=\"padding: 0px; margin: 0px 0px 5px -1px; color: #606060; clear: both; line-height: 34px; font-size: 24px; font-family: &Euml;&Icirc;&Igrave;&aring;, Arial, Helvetica;\">\r\n<h1 style=\"padding: 0px; margin: 0px; color: #0f0f0f; font-size: 24px;\">登高</h1>\r\n</div>\r\n<div class=\"section2\" style=\"padding: 0px; margin: 10px 0px 0px; color: #0f0f0f; clear: both; overflow: auto; font-size: 14px; line-height: 28px; font-family: &Euml;&Icirc;&Igrave;&aring;, Arial, Helvetica;\">\r\n<p class=\"sub\" style=\"padding: 0px; margin: 3px; line-height: 21px;\"><span style=\"line-height: 16px; color: #606060;\">朝代：</span><span style=\"line-height: 16px; color: #606060;\">唐代</span></p>\r\n<p class=\"sub\" style=\"padding: 0px; margin: 3px; line-height: 21px;\"><span style=\"line-height: 16px; color: #606060;\">作者：</span><span style=\"line-height: 16px; color: #606060;\"><a style=\"color: #762a00; text-decoration-line: none; line-height: 16px;\" title=\"杜甫簡介\" href=\"https://fanti.dugushici.com/ancient_authors/474\">杜甫</a></span></p>\r\n<p class=\"sub\" style=\"padding: 0px; margin: 3px; line-height: 21px;\"><span style=\"line-height: 16px; color: #606060;\">原文：</span></p>\r\n<div class=\"content\" style=\"padding: 0px; margin: 0px;\">風急天高猿嘯哀，渚清沙白鳥飛回。<br />無邊落木蕭蕭下，不盡長江滾滾來。<br />萬里悲秋常作客，百年多病獨登臺。<br />艱難苦恨繁霜鬢，潦倒新停濁酒杯。</div>\r\n</div>\r\n<div class=\"shangxi\" style=\"padding: 5px 10px 5px 0px; margin: 30px 0px 0px; color: #0f0f0f; font-size: 14px; border: 0px solid floralwhite; border-radius: 3px; background-image: url(\'../../assets/rightbg2.gif\'); background-position: initial; background-size: initial; background-repeat: initial; background-attachment: initial; background-origin: initial; background-clip: initial; overflow: hidden; font-family: &Euml;&Icirc;&Igrave;&aring;, Arial, Helvetica;\">\r\n<h3 style=\"padding: 0px; margin: 10px 0px 15px; font-size: 16px; border-bottom: 1px solid #8d061f;\">譯文及註釋</h3>\r\n<div style=\"padding: 0px; margin: 0px; clear: both;\">作者：佚名<br /><strong>譯文</strong><br />風急天高猿猴啼叫顯得十分悲哀，水清沙白的河洲上有鳥兒在盤旋。<br />無邊無際的樹木蕭蕭地飄下落葉，望不到頭的長江水滾滾奔騰而來。<br />悲對秋景感慨萬里漂泊常年爲客，一生當中疾病纏身今日獨上高臺。<br />歷盡了艱難苦恨白髮長滿了雙鬢，衰頹滿心偏又暫停了澆愁的酒杯。<br /><strong>註釋</strong><br />⑴詩題一作《九日登高》。古代農曆九月九日有登高習俗。選自《杜詩詳註》。作於唐代宗大曆二年（767）秋天的重陽節。<br />⑵嘯哀：指猿的叫聲淒厲。<br />⑶渚(zhǔ)：水中的小...</div>\r\n<div style=\"padding: 0px; margin: 0px; clear: both;\">&nbsp;</div>\r\n<div style=\"padding: 0px; margin: 0px; clear: both;\">\r\n<h3 style=\"padding: 0px; margin: 0px; font-size: 14px;\"><a style=\"color: #762a00; text-decoration-line: none; line-height: 16px;\" title=\"杜甫簡介\" href=\"https://fanti.dugushici.com/ancient_authors/474\">杜甫</a></h3>\r\n<table>\r\n<tbody>\r\n<tr>\r\n<td style=\"padding: 0px 10px 0px 0px; margin: 0px; vertical-align: top;\"><img class=\"attachment ancient_author avatar\" style=\"border: none;\" title=\"杜甫\" src=\"https://fanti.dugushici.com/58fdc673c6054ef1e5a77589e967491842cf7c8e/store/1ed1d2bececd1a58de58b84bf13f5749c2e4d60d464441add7a0c4d62ac0/avatar\" alt=\"杜甫\" width=\"105\" height=\"150\" /></td>\r\n<td style=\"padding: 0px; margin: 0px;\"><span style=\"line-height: 16px;\">&nbsp;&nbsp;&nbsp;&nbsp;杜甫（712－770），字子美，自號少陵野老，世稱&ldquo;杜工部&rdquo;、&ldquo;杜少陵&rdquo;等，漢族，河南府鞏縣（今河南省鞏義市）人，唐代偉大的現實主義詩人，杜甫被世人尊爲&ldquo;詩聖&rdquo;，其詩被稱爲&ldquo;詩史&rdquo;。杜甫與李白合稱&ldquo;李杜&rdquo;，爲了跟另外兩位詩人李商隱與杜牧即&ldquo;小李杜&rdquo;區別開來，杜甫與李白又合稱&ldquo;大李杜&rdquo;。他憂國憂民，人格高尚，他的約1400餘首詩被保留了下來，詩藝精湛，在中國古典詩歌中備受推崇，影響深遠。759-766年間曾居成都，後世有杜甫草堂紀念。</span></td>\r\n</tr>\r\n</tbody>\r\n</table>\r\n</div>\r\n</div>','2022-05-25 08:59',NULL,'允許','2022-06-20 08:56:46','2022-06-20 09:02:06'),('a0f6d005816845c185707944ee7933a7','2222f5521d8a48e8a2b5e5d3c784b4dd','d8e5b2c7fa7247738f8c0cff43f21027','灰灰','<p>jeter.tony56@gmail.com</p>','2022-06-30 15:35',7,NULL,'2022-06-30 15:35:21','2022-06-30 15:35:21'),('a3956ac9e047409b9b55b666f50d3e6c','39ec265c9c6a4b02980e4d315cb4052d','609eb996f31c4442b586a3c3430ba53f','AAA','<p>VVVVVVVVVVVVVVV<br /><br />V</p>\r\n<p>V<br /><br /></p>\r\n<p>V</p>\r\n<p>V<br /><br /></p>','2022-05-25 15:27',2,'允許','2022-06-20 08:56:46','2022-06-20 09:02:06'),('a74180596b444daeaeba30bd61b6c3f1','f0a07b8457be491b819701819061b227','609eb996f31c4442b586a3c3430ba53f','AAA','<div class=\"section1\" style=\"padding: 0px; margin: 0px 0px 5px -1px; color: #606060; clear: both; line-height: 34px; font-size: 24px; font-family: &Euml;&Icirc;&Igrave;&aring;, Arial, Helvetica;\">\r\n<h1 style=\"padding: 0px; margin: 0px; color: #0f0f0f; font-size: 24px;\">天淨沙&middot;秋思</h1>\r\n</div>\r\n<div class=\"section2\" style=\"padding: 0px; margin: 10px 0px 0px; color: #0f0f0f; clear: both; overflow: auto; font-size: 14px; line-height: 28px; font-family: &Euml;&Icirc;&Igrave;&aring;, Arial, Helvetica;\">\r\n<p class=\"sub\" style=\"padding: 0px; margin: 3px; line-height: 21px;\"><span style=\"line-height: 16px; color: #606060;\">朝代：</span><span style=\"line-height: 16px; color: #606060;\">元代</span></p>\r\n<p class=\"sub\" style=\"padding: 0px; margin: 3px; line-height: 21px;\"><span style=\"line-height: 16px; color: #606060;\">作者：</span><span style=\"line-height: 16px; color: #606060;\"><a style=\"color: #762a00; text-decoration-line: none; line-height: 16px;\" title=\"馬致遠簡介\" href=\"https://fanti.dugushici.com/ancient_authors/306\">馬致遠</a></span></p>\r\n<p class=\"sub\" style=\"padding: 0px; margin: 3px; line-height: 21px;\"><span style=\"line-height: 16px; color: #606060;\">原文：</span></p>\r\n<div class=\"content\" style=\"padding: 0px; margin: 0px;\">枯藤老樹昏鴉，小橋流水人家，古道西風瘦馬。夕陽西下，斷腸人在天涯。</div>\r\n</div>\r\n<div class=\"shangxi\" style=\"padding: 5px 10px 5px 0px; margin: 30px 0px 0px; color: #0f0f0f; font-size: 14px; border: 0px solid floralwhite; border-radius: 3px; background-image: url(\'../../assets/rightbg2.gif\'); background-position: initial; background-size: initial; background-repeat: initial; background-attachment: initial; background-origin: initial; background-clip: initial; overflow: hidden; font-family: &Euml;&Icirc;&Igrave;&aring;, Arial, Helvetica;\">\r\n<h3 style=\"padding: 0px; margin: 10px 0px 15px; font-size: 16px; border-bottom: 1px solid #8d061f;\">譯文及註釋</h3>\r\n<span class=\"more\" style=\"line-height: 16px;\"><a style=\"color: #762a00; text-decoration-line: none; line-height: 16px; margin: -35px 0px 10px; float: right;\" title=\"天淨沙&middot;秋思_譯文及註釋\" href=\"https://fanti.dugushici.com/ancient_proses/69349/prose_translations/2804\">更多</a></span>\r\n<div style=\"padding: 0px; margin: 0px; clear: both;\">作者：佚名<br /><strong>譯文</strong><br />天色黃昏，一羣烏鴉落在枯藤纏繞的老樹上，發出淒厲的哀鳴。<br />小橋下流水嘩嘩作響，小橋邊莊戶人家炊煙裊裊。<br />古道上一匹瘦馬，頂着西風艱難地前行。<br />夕陽漸漸地失去了光澤，從西邊落下。<br />淒寒的夜色裏，只有孤獨的旅人漂泊在遙遠的地方。<br /><strong>註釋</strong><br />⑴枯藤：枯萎的枝蔓。昏鴉：黃昏時歸巢的烏鴉。昏：傍晚。<br />⑵人家：農家。此句寫出了詩人對溫馨的家庭的渴望。<br />⑶古道：已經廢棄不堪再用的古老驛道（路）或年代久遠的驛道。西風：寒冷、...</div>\r\n</div>','2022-05-25 09:06',NULL,'允許','2022-06-20 08:56:46','2022-06-20 09:02:06'),('a8228c4b23aa47f081168730641ff012','487b14886f444b8f8da06697a1c72edf','609eb996f31c4442b586a3c3430ba53f','AAA','AAA','2022-06-30 12:01',NULL,NULL,'2022-06-30 12:01:23','2022-06-30 12:01:23'),('b13c47da99fc4d99ae253800ca70e8a3','39ec265c9c6a4b02980e4d315cb4052d','609eb996f31c4442b586a3c3430ba53f','AAA','<p>AAAAAAAAAAAAAAAAAAAAAAAAAAAAAAAAAAAAAAAAAAAAAAAAAAAAAAAAAAAAAAAAAAAAAAAAAAAAAAAAAAAAAAAAAAAAAAAAAAAAAAAAAAAAAAAAAAAAAAAAAAAAAAAAAAAAAAAAAAAAAAAAAAAAAAAAAAAAAAAAAAAAAAAAAAAAAAAAAAAAAAAAAAAAAAAAAAAAAAAAAAAAAAAAAAAAAAAAAAAAAAAAAAAAAAAAAAAAAAAAAAAAAAAAAAAAAAAA</p>','2022-05-25 15:27',1,'允許','2022-06-20 08:56:46','2022-06-20 09:02:06'),('b51b98a1237741e487d9a95416c53af0','b13c47da99fc4d99ae253800ca70e8a3','609eb996f31c4442b586a3c3430ba53f','AAA','CCC','2022-05-25 16:45',NULL,'允許','2022-06-20 08:56:46','2022-06-20 09:02:06'),('bfd8325398e846fcb031fb686e064611','097c660b9413446caf1fcfbf35585015','609eb996f31c4442b586a3c3430ba53f','AAA','<p>AAAAAAAAAAAAAAAAAAAAAAAAAAAAAAAAAAAAAAAAAAAAAAAAAAAAAAAAAAAAAAAAAAAAAAAAAAAAAAAAAAAAAAAAAAAAAAAAAAAAAAAAAAAAAAAAAAAAAAAAAAAAAAAAAAAAAAAAAAAAAAAAAAAAAAAAAAAAAAAAAAAAAAAAAAAAAAAAAAAAAAAAAAAAAAAAAAAAAAAAAAAAAAAAAAAAAAAAAAAAAAAAAAAAAAAAAAAAAAAAAAAAAAAAAAAAAAAAAAAAAAAAAAAAAAAAAAAAAAAAAAAAAAAAAAAAAAAAAAAAAAAAAAAAAAAAAAAAAAAAAAAAAAAAAAAAAAAAAAAAAAAAAAAAAAAAAAAAAAAAAAAAAAAAAAAAAAAAAAAAAAAAAAAAAAAAAAAAAAAAAAAAAAAAAAAAAAAAAAAAAAAAAAAAAAAAAAAAAAAAAAAAAAAAAAAAAAAAAAAAAAAAAAAAAAAAAAAAAAAAAAAAAAAAAAAAAAAAAAAAAAAAAAAAAAAAAAAAAAAAAAAAAAAAAAAAAAAAAAAAAAAAAAAAAAAAAAAAAAAAAAAAAAAAAAAAAAAAAAA</p>','2022-06-07 11:54',1,'封鎖','2022-06-20 08:56:46','2022-06-20 09:02:06'),('c4be24e68277467c99677931e31e3699','b13c47da99fc4d99ae253800ca70e8a3','609eb996f31c4442b586a3c3430ba53f','AAA','ffffff','2022-05-25 17:08',NULL,'允許','2022-06-20 08:56:46','2022-06-20 09:02:06'),('c75d2a9e7a434b159c3a44f07414c27e','b13c47da99fc4d99ae253800ca70e8a3','609eb996f31c4442b586a3c3430ba53f','AAA','AAA','2022-05-25 16:44',NULL,'允許','2022-06-20 08:56:46','2022-06-20 09:02:06'),('cba9f2095a464aad9fcd8b6597ab9fcc','b13c47da99fc4d99ae253800ca70e8a3','609eb996f31c4442b586a3c3430ba53f','AAA','EEE','2022-05-25 16:45',NULL,'允許','2022-06-20 08:56:46','2022-06-20 09:02:06'),('ceb83a89c6cc4f858db6b518274712e0','097c660b9413446caf1fcfbf35585015','e9c17dfd095c45df99ef3034168fe06c','BBB','<p>DDDD</p>','2022-06-24 11:42',4,NULL,'2022-06-24 11:42:53','2022-06-24 11:42:53'),('cfc3be44322a413e94efc606d123704e','a3956ac9e047409b9b55b666f50d3e6c','609eb996f31c4442b586a3c3430ba53f','AAA','aaaaa','2022-05-25 17:11',NULL,'允許','2022-06-20 08:56:46','2022-06-20 09:02:06'),('ea681b5cf37942ceb8c1e3a6f4a52972','b13c47da99fc4d99ae253800ca70e8a3','609eb996f31c4442b586a3c3430ba53f','AAA','BBB','2022-05-25 16:45',NULL,'允許','2022-06-20 08:56:46','2022-06-20 09:02:06'),('f3d4cd81a57a4f958411c12037d15e7b','6114b815c4e846258d11597edac12cc5','e9c17dfd095c45df99ef3034168fe06c','BBB','<p>BBBBBBBBBBBBBBBBBBB</p>','2022-06-24 11:07',1,NULL,'2022-06-24 11:07:51','2022-06-24 11:07:51'),('f70c046d679d4337aa2f5597126fb54e','a3956ac9e047409b9b55b666f50d3e6c','609eb996f31c4442b586a3c3430ba53f','AAA','sss','2022-05-25 17:11',NULL,'允許','2022-06-20 08:56:46','2022-06-20 09:02:06'),('f81a74bd2f154a0189ea52d36d7f76a0','b13c47da99fc4d99ae253800ca70e8a3','609eb996f31c4442b586a3c3430ba53f','AAA','sss','2022-05-25 17:10',NULL,'允許','2022-06-20 08:56:46','2022-06-20 09:02:06');
/*!40000 ALTER TABLE `article_reply` ENABLE KEYS */;
UNLOCK TABLES;

--
-- Table structure for table `article_return`
--

DROP TABLE IF EXISTS `article_return`;
/*!40101 SET @saved_cs_client     = @@character_set_client */;
/*!50503 SET character_set_client = utf8mb4 */;
CREATE TABLE `article_return` (
  `id` bigint unsigned NOT NULL AUTO_INCREMENT,
  `articleid` char(32) COLLATE utf8mb4_bin DEFAULT NULL,
  `replyid` char(32) CHARACTER SET utf8mb4 COLLATE utf8mb4_bin NOT NULL,
  `memberid` char(32) COLLATE utf8mb4_bin NOT NULL,
  `membername` varchar(100) COLLATE utf8mb4_bin DEFAULT NULL,
  `returntype` char(4) CHARACTER SET utf8mb4 COLLATE utf8mb4_bin NOT NULL COMMENT '類型',
  `content` varchar(1000) CHARACTER SET utf8mb4 COLLATE utf8mb4_bin DEFAULT NULL COMMENT '內容',
  `state` char(3) CHARACTER SET utf8mb4 COLLATE utf8mb4_bin NOT NULL COMMENT '狀態',
  `createtime` datetime NOT NULL DEFAULT CURRENT_TIMESTAMP,
  PRIMARY KEY (`id`)
) ENGINE=InnoDB AUTO_INCREMENT=4 DEFAULT CHARSET=utf8mb4 COLLATE=utf8mb4_bin;
/*!40101 SET character_set_client = @saved_cs_client */;

--
-- Dumping data for table `article_return`
--

LOCK TABLES `article_return` WRITE;
/*!40000 ALTER TABLE `article_return` DISABLE KEYS */;
INSERT INTO `article_return` VALUES (1,'2222f5521d8a48e8a2b5e5d3c784b4dd','2222f5521d8a48e8a2b5e5d3c784b4dd','','路人','其他事項','AAAAAAAAAAA','未處裡','2022-07-01 10:02:08'),(2,'2222f5521d8a48e8a2b5e5d3c784b4dd','457b73e7da7843d096ddf750cba6e150','','路人','內容重複','BBBBB','未處裡','2022-07-01 10:02:22'),(3,'2222f5521d8a48e8a2b5e5d3c784b4dd','a0f6d005816845c185707944ee7933a7','','路人','文章違規','CCCCC','未處裡','2022-07-01 10:02:34');
/*!40000 ALTER TABLE `article_return` ENABLE KEYS */;
UNLOCK TABLES;

--
-- Table structure for table `article_thumbsup`
--

DROP TABLE IF EXISTS `article_thumbsup`;
/*!40101 SET @saved_cs_client     = @@character_set_client */;
/*!50503 SET character_set_client = utf8mb4 */;
CREATE TABLE `article_thumbsup` (
  `thumbsupid` char(32) CHARACTER SET utf8 COLLATE utf8_bin NOT NULL,
  `articleid` char(32) CHARACTER SET utf8 COLLATE utf8_bin NOT NULL,
  `memberid` char(32) CHARACTER SET utf8 COLLATE utf8_bin NOT NULL,
  `create_time` datetime DEFAULT CURRENT_TIMESTAMP,
  PRIMARY KEY (`thumbsupid`)
) ENGINE=InnoDB DEFAULT CHARSET=utf8mb3 COLLATE=utf8_bin COMMENT='點讚表';
/*!40101 SET character_set_client = @saved_cs_client */;

--
-- Dumping data for table `article_thumbsup`
--

LOCK TABLES `article_thumbsup` WRITE;
/*!40000 ALTER TABLE `article_thumbsup` DISABLE KEYS */;
INSERT INTO `article_thumbsup` VALUES ('1496d39966384d6cbb43af740ed31f92','bfd8325398e846fcb031fb686e064611','609eb996f31c4442b586a3c3430ba53f','2022-06-20 09:04:53'),('157ff2d49bca4d1b8bca4436eb54ac4c','27377e2cffd24dfc80e867884aaba4f9','609eb996f31c4442b586a3c3430ba53f','2022-06-20 09:04:53'),('1a86bbe3d5b64a6db406009375350815','6aa33d79fa0f49cb83b9d339cd72a839','609eb996f31c4442b586a3c3430ba53f','2022-06-20 09:04:53'),('22d92633a3b34c98b8a8f969f43f4510','b13c47da99fc4d99ae253800ca70e8a3','609eb996f31c4442b586a3c3430ba53f','2022-06-20 09:04:53'),('5e7b3770a3564d33a4a83f76793da2d3','12803d8457a9492e87ed5ebdbad763c5','609eb996f31c4442b586a3c3430ba53f','2022-06-29 10:04:38'),('6b1a32a6bbaf43c7970db42d5bc17da0','bfd8325398e846fcb031fb686e064611','d8e5b2c7fa7247738f8c0cff43f21027','2022-07-01 16:00:31'),('6bf42c5ac7c0460da6e35237f6a3ff84','097c660b9413446caf1fcfbf35585015','609eb996f31c4442b586a3c3430ba53f','2022-06-27 11:11:01'),('759a0d07802640bbaea97c9c90678da6','53c8cf47102b4971b74277aafbead56c','609eb996f31c4442b586a3c3430ba53f','2022-06-20 09:04:53'),('786efc471a644bf38fed14a75fceb9a8','11c84240fae84ec98fc1928b4dac4f92','609eb996f31c4442b586a3c3430ba53f','2022-06-27 13:57:11'),('94554fef1f69459f92223ce67e52be2e','1a9b827752c94e51925d7532b510e35b','609eb996f31c4442b586a3c3430ba53f','2022-06-29 08:34:29'),('a5e0dc5fd2344903b02fe14de6aa7fc5','f0a07b8457be491b819701819061b227','609eb996f31c4442b586a3c3430ba53f','2022-06-20 09:04:53'),('ae6f3a3c0dc0442a859904392a4031ea','a3956ac9e047409b9b55b666f50d3e6c','609eb996f31c4442b586a3c3430ba53f','2022-06-20 09:04:53'),('b325f0a606cf476f86c03f53a046175d','bfd8325398e846fcb031fb686e064611','e9c17dfd095c45df99ef3034168fe06c','2022-06-20 09:04:53'),('c373115295ec420c81d7c09b545b9e64','2222f5521d8a48e8a2b5e5d3c784b4dd','609eb996f31c4442b586a3c3430ba53f','2022-06-29 08:48:59'),('d7dc9607c2c1407482e7bcce298f37aa','s.replyid','609eb996f31c4442b586a3c3430ba53f','2022-06-20 09:04:53'),('d964575a3fc64a058ae3e6c19e17251a','097c660b9413446caf1fcfbf35585015','e9c17dfd095c45df99ef3034168fe06c','2022-06-20 09:04:53'),('dcffdd3c6e41435a881b438b1bf70004','487b14886f444b8f8da06697a1c72edf','609eb996f31c4442b586a3c3430ba53f','2022-06-29 10:04:40'),('dd8f9cd757064c57892a784d272722d5','null','609eb996f31c4442b586a3c3430ba53f','2022-06-20 09:04:53'),('eea4126536054aa185b6dcf74ba2ad58','27377e2cffd24dfc80e867884aaba4f9','e9c17dfd095c45df99ef3034168fe06c','2022-06-20 09:04:53'),('eecb33e0477743748be4f320ca4a6ed7','39ec265c9c6a4b02980e4d315cb4052d','609eb996f31c4442b586a3c3430ba53f','2022-06-20 09:04:53'),('ef9764c8309e4a5fa86556b4c8ae12c0','35dac07fab9846c3b1a59af11c6a7f36','d8e5b2c7fa7247738f8c0cff43f21027','2022-07-01 15:40:59');
/*!40000 ALTER TABLE `article_thumbsup` ENABLE KEYS */;
UNLOCK TABLES;

--
-- Table structure for table `authorize`
--

DROP TABLE IF EXISTS `authorize`;
/*!40101 SET @saved_cs_client     = @@character_set_client */;
/*!50503 SET character_set_client = utf8mb4 */;
CREATE TABLE `authorize` (
  `id` char(32) CHARACTER SET utf8 COLLATE utf8_bin NOT NULL,
  `memberid` char(32) CHARACTER SET utf8 COLLATE utf8_bin NOT NULL,
  `update_time` datetime DEFAULT CURRENT_TIMESTAMP ON UPDATE CURRENT_TIMESTAMP,
  `create_time` datetime NOT NULL DEFAULT CURRENT_TIMESTAMP,
  PRIMARY KEY (`id`)
) ENGINE=InnoDB DEFAULT CHARSET=utf8mb3 COLLATE=utf8_bin COMMENT='會員註冊 認證用\r\n忘記密碼 認證用';
/*!40101 SET character_set_client = @saved_cs_client */;

--
-- Dumping data for table `authorize`
--

LOCK TABLES `authorize` WRITE;
/*!40000 ALTER TABLE `authorize` DISABLE KEYS */;
/*!40000 ALTER TABLE `authorize` ENABLE KEYS */;
UNLOCK TABLES;

--
-- Table structure for table `file`
--

DROP TABLE IF EXISTS `file`;
/*!40101 SET @saved_cs_client     = @@character_set_client */;
/*!50503 SET character_set_client = utf8mb4 */;
CREATE TABLE `file` (
  `fileid` char(32) CHARACTER SET utf8 COLLATE utf8_bin NOT NULL,
  `memberid` char(32) CHARACTER SET utf8 COLLATE utf8_bin NOT NULL,
  `name` varchar(40) CHARACTER SET utf8 COLLATE utf8_bin NOT NULL,
  `createtime` varchar(40) CHARACTER SET utf8 COLLATE utf8_bin NOT NULL,
  `create_time` datetime DEFAULT CURRENT_TIMESTAMP,
  PRIMARY KEY (`fileid`)
) ENGINE=InnoDB DEFAULT CHARSET=utf8mb3 COLLATE=utf8_bin COMMENT='紀錄檔案';
/*!40101 SET character_set_client = @saved_cs_client */;

--
-- Dumping data for table `file`
--

LOCK TABLES `file` WRITE;
/*!40000 ALTER TABLE `file` DISABLE KEYS */;
INSERT INTO `file` VALUES ('21f875ea9fb44f6f85cfeff877a0191c','ffffff','9c389c95defe4b7ba9032f914acb1ffe.png','2022-05-18 15:02','2022-06-20 09:05:13'),('2ba7ea60f1b94f03acde1470f6898566','354039949d93459ca4f5e3794b3a446b','fe4c94d0ef7041fe8efcf9e796c03bf5.png','2022-05-31 10:05','2022-06-20 09:05:13'),('5a114bbce2654cf6a98114d9ce9e1047','609eb996f31c4442b586a3c3430ba53f','d5655e9c15374ecbb5a6d8cce276a88c.jpg','2022-06-07 09:05','2022-06-20 09:05:13'),('6abed6c5b45e40be85f9bd03b43fa31f','ffffff','90bd76ec78474018a6506906fe4aaa57.png','2022-05-18 15:04','2022-06-20 09:05:13'),('9ca5a270a3ea495f9d73dbfee031a847','ffffff','f30564229f4944a9a037eb1a8eebca98.png','2022-05-18 17:49','2022-06-20 09:05:13'),('9df90ca03f9347d19015f9a17219cbdc','ffffff','9d22ab5c4e084306a2df78263fded4f1.jpg','2022-05-18 17:49','2022-06-20 09:05:13'),('b4eb86af18df4cd696d8d88a02338ece','ffffff','7dc79497883f4291b6d8045badfe541c.jpg','2022-05-18 15:04','2022-06-20 09:05:13'),('c261dd36fd2a4d229d18995761d43d3e','609eb996f31c4442b586a3c3430ba53f','a00841457dfb476a8df9ed3e2213fe2a.jpg','2022-06-07 09:09','2022-06-20 09:05:13'),('c73429bd35224baaba8f7593df43f6b9','609eb996f31c4442b586a3c3430ba53f','109ca41bbcea44b2aef4fe60c8488fd2.png','2022-06-29 10:56','2022-06-29 10:56:10'),('ca3c0ccda08a42e4a1a45a95791d7b9e','609eb996f31c4442b586a3c3430ba53f','fd022242a9c74ee08dd5f5defe669fce.png','2022-06-30 10:15','2022-06-30 10:15:20'),('e9b902a8256c47ef9160fb8493f3e59c','609eb996f31c4442b586a3c3430ba53f','fa1f3a27add14a408abf9b0afde83c53.png','2022-06-28 10:52','2022-06-28 10:52:01');
/*!40000 ALTER TABLE `file` ENABLE KEYS */;
UNLOCK TABLES;

--
-- Table structure for table `member`
--

DROP TABLE IF EXISTS `member`;
/*!40101 SET @saved_cs_client     = @@character_set_client */;
/*!50503 SET character_set_client = utf8mb4 */;
CREATE TABLE `member` (
  `memberid` char(32) CHARACTER SET utf8 COLLATE utf8_bin NOT NULL COMMENT '會員id',
  `email` varchar(200) CHARACTER SET utf8 COLLATE utf8_bin DEFAULT NULL,
  `name` varchar(100) CHARACTER SET utf8 COLLATE utf8_bin DEFAULT NULL,
  `password` varchar(100) CHARACTER SET utf8 COLLATE utf8_bin DEFAULT NULL,
  `company` varchar(200) CHARACTER SET utf8 COLLATE utf8_bin DEFAULT NULL COMMENT '公司',
  `phone` varchar(100) CHARACTER SET utf8 COLLATE utf8_bin DEFAULT NULL,
  `integral` int DEFAULT NULL COMMENT '積分',
  `address` varchar(500) CHARACTER SET utf8 COLLATE utf8_bin DEFAULT NULL COMMENT '地址',
  `birthday` varchar(40) CHARACTER SET utf8 COLLATE utf8_bin DEFAULT NULL COMMENT '生日',
  `createtime` varchar(20) CHARACTER SET utf8 COLLATE utf8_bin NOT NULL COMMENT '創建日',
  `update_time` datetime DEFAULT CURRENT_TIMESTAMP ON UPDATE CURRENT_TIMESTAMP,
  `create_time` datetime DEFAULT CURRENT_TIMESTAMP,
  PRIMARY KEY (`memberid`)
) ENGINE=InnoDB DEFAULT CHARSET=utf8mb3 COLLATE=utf8_bin COMMENT='會員';
/*!40101 SET character_set_client = @saved_cs_client */;

--
-- Dumping data for table `member`
--

LOCK TABLES `member` WRITE;
/*!40000 ALTER TABLE `member` DISABLE KEYS */;
INSERT INTO `member` VALUES ('354039949d93459ca4f5e3794b3a446b','jetecmarketing03@gmail.com','Amber','$2a$10$l/SW9d5LHR7SICT5Yi6wweM2cMEbGULKPTGNJnppGReCZswT/cfgu','','',100,NULL,NULL,'2022-05-31 10:04','2022-06-24 10:52:44','2022-06-20 09:05:32'),('609eb996f31c4442b586a3c3430ba53f','AAA@AAA.com','AAA','$2a$10$Ed6xccxj7rD6WKglN0ribekKcA1Tiv4cpjVqd5PREzxtK2pd.lUJG','AAA','AAA',1350,'BBB','2022 年 06 月 16 日','2022-05-19 16:57','2022-07-01 16:00:24','2022-06-20 09:05:32'),('d8e5b2c7fa7247738f8c0cff43f21027','jeter.tony56@gmail.com','灰灰','$2a$10$v7P.oyGKHAqZ6xdjGogcjOQi7QXF0noXmyD8oTaRc9jggyBC8Vk3u','ffffffffffff','+886421111111',0,NULL,NULL,'2022-06-30 09:17','2022-06-30 15:32:27',NULL),('e9c17dfd095c45df99ef3034168fe06c','BBB@AAA.com','BBB','$2a$10$7/E8tT3M1gXr4dV6hjGXauAN.4j3cRoHs.I8l2fnjq.QN.mKFekZ.','AAA','AAA',0,NULL,NULL,'2022-05-19 17:13','2022-06-20 08:58:18','2022-06-20 09:05:32');
/*!40000 ALTER TABLE `member` ENABLE KEYS */;
UNLOCK TABLES;

--
-- Table structure for table `permit`
--

DROP TABLE IF EXISTS `permit`;
/*!40101 SET @saved_cs_client     = @@character_set_client */;
/*!50503 SET character_set_client = utf8mb4 */;
CREATE TABLE `permit` (
  `permitid` char(32) CHARACTER SET utf8 COLLATE utf8_bin NOT NULL COMMENT '權限id',
  `memberid` char(32) CHARACTER SET utf8 COLLATE utf8_bin NOT NULL COMMENT '外鍵',
  `level` tinyint unsigned NOT NULL COMMENT '權限',
  `update_time` datetime DEFAULT CURRENT_TIMESTAMP ON UPDATE CURRENT_TIMESTAMP,
  `create_time` datetime DEFAULT CURRENT_TIMESTAMP,
  PRIMARY KEY (`permitid`),
  KEY `permit_FK` (`memberid`)
) ENGINE=InnoDB DEFAULT CHARSET=utf8mb3 COLLATE=utf8_bin COMMENT='權限表';
/*!40101 SET character_set_client = @saved_cs_client */;

--
-- Dumping data for table `permit`
--

LOCK TABLES `permit` WRITE;
/*!40000 ALTER TABLE `permit` DISABLE KEYS */;
INSERT INTO `permit` VALUES ('083cd6331ca647d2ac2c9dc4f072af8b','609eb996f31c4442b586a3c3430ba53f',8,'2022-06-27 15:00:17','2022-06-27 15:00:17'),('609eb996f31c4442b586a3c3430ba53f','609eb996f31c4442b586a3c3430ba53f',1,'2022-06-27 14:09:25','2022-06-27 13:12:28'),('6dfc6ca89ad946568c23bf618e5bbe6c','d8e5b2c7fa7247738f8c0cff43f21027',0,'2022-06-30 09:17:42','2022-06-30 09:17:42'),('788bcc9f45c644c68ae8bd687cdecce8','d8e5b2c7fa7247738f8c0cff43f21027',1,'2022-07-01 15:20:48','2022-07-01 15:20:48'),('a239044ef68c41ed8ede0ee8261818b8','609eb996f31c4442b586a3c3430ba53f',2,'2022-06-27 11:09:00','2022-06-27 11:09:00'),('af614b3153424761ac5047be9ec6492c','609eb996f31c4442b586a3c3430ba53f',0,'2022-06-23 15:53:10','2022-06-23 14:11:09'),('dff461c21bac4c4fb13b4e5908820f63','609eb996f31c4442b586a3c3430ba53f',9,'2022-06-27 15:00:18','2022-06-27 15:00:18');
/*!40000 ALTER TABLE `permit` ENABLE KEYS */;
UNLOCK TABLES;

--
-- Table structure for table `persistent_logins`
--

DROP TABLE IF EXISTS `persistent_logins`;
/*!40101 SET @saved_cs_client     = @@character_set_client */;
/*!50503 SET character_set_client = utf8mb4 */;
CREATE TABLE `persistent_logins` (
  `username` varchar(64) CHARACTER SET utf8 COLLATE utf8_bin NOT NULL,
  `series` varchar(64) CHARACTER SET utf8 COLLATE utf8_bin NOT NULL,
  `token` varchar(64) CHARACTER SET utf8 COLLATE utf8_bin NOT NULL,
  `last_used` timestamp NOT NULL DEFAULT CURRENT_TIMESTAMP ON UPDATE CURRENT_TIMESTAMP,
  PRIMARY KEY (`series`)
) ENGINE=InnoDB DEFAULT CHARSET=utf8mb3 COLLATE=utf8_bin;
/*!40101 SET character_set_client = @saved_cs_client */;

--
-- Dumping data for table `persistent_logins`
--

LOCK TABLES `persistent_logins` WRITE;
/*!40000 ALTER TABLE `persistent_logins` DISABLE KEYS */;
/*!40000 ALTER TABLE `persistent_logins` ENABLE KEYS */;
UNLOCK TABLES;

--
-- Table structure for table `watch`
--

DROP TABLE IF EXISTS `watch`;
/*!40101 SET @saved_cs_client     = @@character_set_client */;
/*!50503 SET character_set_client = utf8mb4 */;
CREATE TABLE `watch` (
  `id` bigint unsigned NOT NULL AUTO_INCREMENT,
  `memberid` char(32) CHARACTER SET utf8 COLLATE utf8_bin NOT NULL,
  `articleid` char(32) CHARACTER SET utf8 COLLATE utf8_bin NOT NULL,
  `watchtime` datetime NOT NULL,
  PRIMARY KEY (`id`)
) ENGINE=InnoDB AUTO_INCREMENT=33 DEFAULT CHARSET=utf8mb3 COLLATE=utf8_bin;
/*!40101 SET character_set_client = @saved_cs_client */;

--
-- Dumping data for table `watch`
--

LOCK TABLES `watch` WRITE;
/*!40000 ALTER TABLE `watch` DISABLE KEYS */;
INSERT INTO `watch` VALUES (1,'609eb996f31c4442b586a3c3430ba53f','6114b815c4e846258d11597edac12cc5','2022-06-30 13:26:00'),(2,'609eb996f31c4442b586a3c3430ba53f','0399e3b1bdb540b9b140b44649711505','2022-06-29 11:44:47'),(3,'609eb996f31c4442b586a3c3430ba53f','3ce8062c232f44b5a83d049dd36f224b','2022-06-01 09:50:21'),(4,'609eb996f31c4442b586a3c3430ba53f','de48e8df6ace4cb18a848cb1c3f1b536','2022-06-24 10:41:22'),(5,'609eb996f31c4442b586a3c3430ba53f','0d1a5ec3ea5b4e45bd90cab99d65c87d','2022-06-01 09:50:36'),(6,'609eb996f31c4442b586a3c3430ba53f','097c660b9413446caf1fcfbf35585015','2022-06-30 15:31:47'),(7,'609eb996f31c4442b586a3c3430ba53f','2e1044e6235e420594befadc47bd12a9','2022-06-01 09:50:30'),(8,'e9c17dfd095c45df99ef3034168fe06c','2e1044e6235e420594befadc47bd12a9','2022-06-24 10:52:59'),(9,'e9c17dfd095c45df99ef3034168fe06c','097c660b9413446caf1fcfbf35585015','2022-06-24 11:54:13'),(10,'e9c17dfd095c45df99ef3034168fe06c','0d1a5ec3ea5b4e45bd90cab99d65c87d','2022-06-24 10:53:06'),(11,'e9c17dfd095c45df99ef3034168fe06c','de48e8df6ace4cb18a848cb1c3f1b536','2022-06-24 10:53:09'),(12,'e9c17dfd095c45df99ef3034168fe06c','6114b815c4e846258d11597edac12cc5','2022-06-24 11:07:52'),(13,'609eb996f31c4442b586a3c3430ba53f','11c84240fae84ec98fc1928b4dac4f92','2022-06-29 10:06:31'),(14,'609eb996f31c4442b586a3c3430ba53f','3e6f0a13b61d40cbb51236d97f9d83a8','2022-07-01 14:34:13'),(15,'609eb996f31c4442b586a3c3430ba53f','aa2228346ef744a28f8853fd3b3bae6c','2022-06-29 10:06:56'),(16,'609eb996f31c4442b586a3c3430ba53f','27377e2cffd24dfc80e867884aaba4f9','2022-06-27 10:17:16'),(17,'609eb996f31c4442b586a3c3430ba53f','1a9b827752c94e51925d7532b510e35b','2022-06-29 11:44:38'),(18,'609eb996f31c4442b586a3c3430ba53f','d2ce74b02e3942baa02808a69d624b01','2022-06-28 10:52:27'),(19,'609eb996f31c4442b586a3c3430ba53f','2222f5521d8a48e8a2b5e5d3c784b4dd','2022-07-01 14:33:08'),(20,'system','6114b815c4e846258d11597edac12cc5','2022-06-28 15:43:57'),(21,'system','2e1044e6235e420594befadc47bd12a9','2022-06-28 15:51:19'),(22,'system','71ab7645b3f74ee0b3c81c3508ead9ff','2022-07-01 09:13:25'),(23,'system','2222f5521d8a48e8a2b5e5d3c784b4dd','2022-06-30 14:21:03'),(24,'system','686fcd5c91aa4f11b9f8cd37ea4888f1','2022-06-29 11:45:54'),(25,'system','162a4c5c62b646639af82accdf25527f','2022-06-30 10:07:12'),(26,'system','22302ed22b7642708a397063ce0f1010','2022-06-30 10:07:17'),(27,'609eb996f31c4442b586a3c3430ba53f','162a4c5c62b646639af82accdf25527f','2022-06-30 10:11:47'),(28,'609eb996f31c4442b586a3c3430ba53f','22302ed22b7642708a397063ce0f1010','2022-07-01 14:32:20'),(29,'d8e5b2c7fa7247738f8c0cff43f21027','2222f5521d8a48e8a2b5e5d3c784b4dd','2022-07-01 16:02:15'),(30,'d8e5b2c7fa7247738f8c0cff43f21027','11c84240fae84ec98fc1928b4dac4f92','2022-07-01 15:32:47'),(31,'d8e5b2c7fa7247738f8c0cff43f21027','0399e3b1bdb540b9b140b44649711505','2022-07-01 15:32:54'),(32,'d8e5b2c7fa7247738f8c0cff43f21027','097c660b9413446caf1fcfbf35585015','2022-07-01 15:54:32');
/*!40000 ALTER TABLE `watch` ENABLE KEYS */;
UNLOCK TABLES;

--
-- Dumping routines for database 'topic'
--
/*!40103 SET TIME_ZONE=@OLD_TIME_ZONE */;

/*!40101 SET SQL_MODE=@OLD_SQL_MODE */;
/*!40014 SET FOREIGN_KEY_CHECKS=@OLD_FOREIGN_KEY_CHECKS */;
/*!40014 SET UNIQUE_CHECKS=@OLD_UNIQUE_CHECKS */;
/*!40101 SET CHARACTER_SET_CLIENT=@OLD_CHARACTER_SET_CLIENT */;
/*!40101 SET CHARACTER_SET_RESULTS=@OLD_CHARACTER_SET_RESULTS */;
/*!40101 SET COLLATION_CONNECTION=@OLD_COLLATION_CONNECTION */;
/*!40111 SET SQL_NOTES=@OLD_SQL_NOTES */;

-- Dump completed on 2022-07-01 16:12:26
